timestamp,test.test_val,navigator_pt1.q_w,navigator_pt1.q_x,navigator_pt1.q_y,navigator_pt1.q_z,navigator_pt1.altitude,navigator_pt1.norm,navigator_pt2.vel_x,navigator_pt2.vel_y,navigator_pt2.vel_z,navigator_pt2.rate_x,navigator_pt2.rate_y,navigator_pt2.rate_z,controller.command,controller.canard_coeff,controller.body_coeff,controller.roll_angle_target,controller.roll_rate_target,board_imu.accel_x,board_imu.accel_y,board_imu.accel_z,board_imu.gyro_x,board_imu.gyro_y,board_imu.gyro_z,board_mag_baro.mag_x,board_mag_baro.mag_y,board_mag_baro.mag_z,board_mag_baro.baro,board_mag_baro.temp,movella_pt1.accel_x,movella_pt1.accel_y,movella_pt1.accel_z,movella_pt1.gyro_x,movella_pt1.gyro_y,movella_pt1.gyro_z,movella_pt2.mag_x,movella_pt2.mag_y,movella_pt2.mag_z,movella_pt2.baro,movella_pt3.q_w,movella_pt3.q_x,movella_pt3.q_y,movella_pt3.q_z,ad_breakout.accel_x,ad_breakout.accel_y,ad_breakout.accel_z,ad_breakout.gyro,servo_motor.angle,servo_motor.curr,servo_motor.temp
17,,,,,,,,,,,,,,,,,,,,,,,,,,,,,,,,,,,,,,,,,,,,,,,,,,
13400,,,,,,,,,,,,,,,,,,,9.718178749084473,0.10532016307115555,-0.07659648358821869,-0.0024434609804302454,-0.0073303827084600925,0.004886921960860491,,,,,,,,,,,,,,,,,,,,,,,,,,
13400,,,,,,,,,,,,,,,,,,,,,,,,,,,,,,,,,,,,,,,,,,,,9.694290161132812,-0.26681530475616455,0.10986512899398804,-5.050205707550049,,,
13400,,,,,,,,,,,,,,,,,,,,,,,,,,,,,,0.0,0.0,0.0,0.0,0.0,0.0,,,,,,,,,,,,,,,
13400,,,,,,,,,,,,,,,,,,,,,,,,,-0.6345000267028809,0.006000000052154064,-0.4830000102519989,97016.0,0.0,,,,,,,,,,,,,,,,,,,,,
13400,,,,,,,,,,,,,,,,,,,,,,,,,,,,,,,,,,,,0.0,0.0,0.0,0.0,,,,,,,,,,,
13400,,,,,,,,,,,,,,,,,,,,,,,,,,,,,,,,,,,,,,,,0.0,0.0,0.0,0.0,,,,,,,
14400,,,,,,,,,,,,,,,,,,,9.689455032348633,0.08617103844881058,-0.08617103844881058,-0.0024434609804302454,-0.004886921960860491,0.004886921960860491,,,,,,,,,,,,,,,,,,,,,,,,,,
14400,,,,,,,,,,,,,,,,,,,,,,,,,,,,,,,,,,,,,,,,,,,,9.704752922058105,-0.2772786617279053,0.12556014955043793,-5.166958808898926,,,
14400,,,,,,,,,,,,,,,,,,,,,,,,,,,,,,0.0,0.0,0.0,0.0,0.0,0.0,,,,,,,,,,,,,,,
14400,,,,,,,,,,,,,,,,,,,,,,,,,-0.6315000057220459,0.0,-0.4860000014305115,97022.0,0.0,,,,,,,,,,,,,,,,,,,,,
14400,,,,,,,,,,,,,,,,,,,,,,,,,,,,,,,,,,,,0.0,0.0,0.0,0.0,,,,,,,,,,,
14400,,,,,,,,,,,,,,,,,,,,,,,,,,,,,,,,,,,,,,,,0.0,0.0,0.0,0.0,,,,,,,
15400,,,,,,,,,,,,,,,,,,,9.708603858947754,0.11489471793174744,-0.12446928024291992,-0.0024434609804302454,-0.0073303827084600925,0.0024434609804302454,,,,,,,,,,,,,,,,,,,,,,,,,,
15400,,,,,,,,,,,,,,,,,,,,,,,,,,,,,,,,,,,,,,,,,,,,9.600119590759277,-0.21973025798797607,0.08370676636695862,-5.120512962341309,,,
15400,,,,,,,,,,,,,,,,,,,,,,,,,,,,,,0.0,0.0,0.0,0.0,0.0,0.0,,,,,,,,,,,,,,,
15400,,,,,,,,,,,,,,,,,,,,,,,,,-0.6345000267028809,0.006000000052154064,-0.48750001192092896,97020.0,0.0,,,,,,,,,,,,,,,,,,,,,
15400,,,,,,,,,,,,,,,,,,,,,,,,,,,,,,,,,,,,0.0,0.0,0.0,0.0,,,,,,,,,,,
15400,,,,,,,,,,,,,,,,,,,,,,,,,,,,,,,,,,,,,,,,0.0,0.0,0.0,0.0,,,,,,,
16400,,,,,,,,,,,,,,,,,,,9.718178749084473,0.04787280037999153,-0.09574560075998306,-0.0024434609804302454,-0.0073303827084600925,0.0,,,,,,,,,,,,,,,,,,,,,,,,,,
16400,,,,,,,,,,,,,,,,,,,,,,,,,,,,,,,,,,,,,,,,,,,,9.652436256408691,-0.2458886206150055,0.09417010843753815,-4.593846321105957,,,
16400,,,,,,,,,,,,,,,,,,,,,,,,,,,,,,0.0,0.0,0.0,0.0,0.0,0.0,,,,,,,,,,,,,,,
16400,,,,,,,,,,,,,,,,,,,,,,,,,-0.6359999775886536,0.0044999998062849045,-0.484499990940094,97018.0,0.0,,,,,,,,,,,,,,,,,,,,,
16400,,,,,,,,,,,,,,,,,,,,,,,,,,,,,,,,,,,,0.0,0.0,0.0,0.0,,,,,,,,,,,
16400,,,,,,,,,,,,,,,,,,,,,,,,,,,,,,,,,,,,,,,,0.0,0.0,0.0,0.0,,,,,,,
17400,,,,,,,,,,,,,,,,,,,9.785200119018555,0.18191663920879364,-0.09574560075998306,-0.0,-0.012217304669320583,0.009773843921720982,,,,,,,,,,,,,,,,,,,,,,,,,,
17400,,,,,,,,,,,,,,,,,,,,,,,,,,,,,,,,,,,,,,,,,,,,9.673362731933594,-0.21973025798797607,0.06801174581050873,-5.326748371124268,,,
17400,,,,,,,,,,,,,,,,,,,,,,,,,,,,,,0.0,0.0,0.0,0.0,0.0,0.0,,,,,,,,,,,,,,,
17400,,,,,,,,,,,,,,,,,,,,,,,,,0.48750001192092896,-0.010499999858438969,-0.6315000057220459,97018.0,0.0,,,,,,,,,,,,,,,,,,,,,
17400,,,,,,,,,,,,,,,,,,,,,,,,,,,,,,,,,,,,0.0,0.0,0.0,0.0,,,,,,,,,,,
17400,,,,,,,,,,,,,,,,,,,,,,,,,,,,,,,,,,,,,,,,0.0,0.0,0.0,0.0,,,,,,,
18400,,,,,,,,,,,,,,,,,,,9.689455032348633,0.07659648358821869,-0.09574560075998306,-0.004886921960860491,-0.004886921960860491,0.0,,,,,,,,,,,,,,,,,,,,,,,,,,
18400,,,,,,,,,,,,,,,,,,,,,,,,,,,,,,,,,,,,,,,,,,,,9.678594589233398,-0.2563519775867462,0.12556014955043793,-5.089407444000244,,,
18400,,,,,,,,,,,,,,,,,,,,,,,,,,,,,,0.0,0.0,0.0,0.0,0.0,0.0,,,,,,,,,,,,,,,
18400,,,,,,,,,,,,,,,,,,,,,,,,,0.49050000309944153,-0.0044999998062849045,-0.6345000267028809,97020.0,0.0,,,,,,,,,,,,,,,,,,,,,
18400,,,,,,,,,,,,,,,,,,,,,,,,,,,,,,,,,,,,0.0,0.0,0.0,0.0,,,,,,,,,,,
18400,,,,,,,,,,,,,,,,,,,,,,,,,,,,,,,,,,,,,,,,0.0,0.0,0.0,0.0,,,,,,,
19400,,,,,,,,,,,,,,,,,,,9.699028968811035,0.07659648358821869,-0.11489471793174744,-0.004886921960860491,-0.0073303827084600925,0.0,,,,,,,,,,,,,,,,,,,,,,,,,,
19400,,,,,,,,,,,,,,,,,,,,,,,,,,,,,,,,,,,,,,,,,,,,9.657668113708496,-0.2458886206150055,0.09940178692340851,-4.615151405334473,,,
19400,,,,,,,,,,,,,,,,,,,,,,,,,,,,,,0.0,0.0,0.0,0.0,0.0,0.0,,,,,,,,,,,,,,,
19400,,,,,,,,,,,,,,,,,,,,,,,,,-0.6315000057220459,0.006000000052154064,-0.492000013589859,97017.0,0.0,,,,,,,,,,,,,,,,,,,,,
19400,,,,,,,,,,,,,,,,,,,,,,,,,,,,,,,,,,,,0.0,0.0,0.0,0.0,,,,,,,,,,,
19400,,,,,,,,,,,,,,,,,,,,,,,,,,,,,,,,,,,,,,,,0.0,0.0,0.0,0.0,,,,,,,
20400,,,,,,,,,,,,,,,,,,,9.699028968811035,0.07659648358821869,-0.09574560075998306,-0.0024434609804302454,-0.0073303827084600925,0.004886921960860491,,,,,,,,,,,,,,,,,,,,,,,,,,
20400,,,,,,,,,,,,,,,,,,,,,,,,,,,,,,,,,,,,,,,,,,,,9.6995210647583,-0.2720469832420349,0.09940178692340851,-5.0118560791015625,,,
20400,,,,,,,,,,,,,,,,,,,,,,,,,,,,,,0.0,0.0,0.0,0.0,0.0,0.0,,,,,,,,,,,,,,,
20400,,,,,,,,,,,,,,,,,,,,,,,,,-0.6315000057220459,0.001500000013038516,-0.48750001192092896,97021.0,0.0,,,,,,,,,,,,,,,,,,,,,
20400,,,,,,,,,,,,,,,,,,,,,,,,,,,,,,,,,,,,0.0,0.0,0.0,0.0,,,,,,,,,,,
20400,,,,,,,,,,,,,,,,,,,,,,,,,,,,,,,,,,,,,,,,0.0,0.0,0.0,0.0,,,,,,,
21400,,,,,,,,,,,,,,,,,,,9.718178749084473,0.08617103844881058,-0.07659648358821869,-0.004886921960860491,-0.004886921960860491,0.0,,,,,,,,,,,,,,,,,,,,,,,,,,
21400,,,,,,,,,,,,,,,,,,,,,,,,,,,,,,,,,,,,,,,,,,,,9.704752922058105,-0.2301936000585556,0.13602349162101746,-5.107303619384766,,,
21400,,,,,,,,,,,,,,,,,,,,,,,,,,,,,,0.0,0.0,0.0,0.0,0.0,0.0,,,,,,,,,,,,,,,
21400,,,,,,,,,,,,,,,,,,,,,,,,,-0.6284999847412109,0.006000000052154064,-0.47850000858306885,97012.0,0.0,,,,,,,,,,,,,,,,,,,,,
21400,,,,,,,,,,,,,,,,,,,,,,,,,,,,,,,,,,,,0.0,0.0,0.0,0.0,,,,,,,,,,,
21400,,,,,,,,,,,,,,,,,,,,,,,,,,,,,,,,,,,,,,,,0.0,0.0,0.0,0.0,,,,,,,
22400,,,,,,,,,,,,,,,,,,,9.699028968811035,0.11489471793174744,-0.09574560075998306,-0.0024434609804302454,-0.0024434609804302454,-0.0024434609804302454,,,,,,,,,,,,,,,,,,,,,,,,,,
22400,,,,,,,,,,,,,,,,,,,,,,,,,,,,,,,,,,,,,,,,,,,,9.657668113708496,-0.23542527854442596,0.13602349162101746,-5.655702114105225,,,
22400,,,,,,,,,,,,,,,,,,,,,,,,,,,,,,0.0,0.0,0.0,0.0,0.0,0.0,,,,,,,,,,,,,,,
22400,,,,,,,,,,,,,,,,,,,,,,,,,-0.637499988079071,0.0,-0.48750001192092896,97013.0,0.0,,,,,,,,,,,,,,,,,,,,,
22400,,,,,,,,,,,,,,,,,,,,,,,,,,,,,,,,,,,,0.0,0.0,0.0,0.0,,,,,,,,,,,
22400,,,,,,,,,,,,,,,,,,,,,,,,,,,,,,,,,,,,,,,,0.0,0.0,0.0,0.0,,,,,,,
23400,,,,,,,,,,,,,,,,,,,9.708603858947754,0.09574560075998306,-0.07659648358821869,-0.004886921960860491,-0.004886921960860491,0.0,,,,,,,,,,,,,,,,,,,,,,,,,,
23400,,,,,,,,,,,,,,,,,,,,,,,,,,,,,,,,,,,,,,,,,,,,9.673362731933594,-0.2458886206150055,0.1569501906633377,-5.32802677154541,,,
23400,,,,,,,,,,,,,,,,,,,,,,,,,,,,,,0.0,0.0,0.0,0.0,0.0,0.0,,,,,,,,,,,,,,,
23400,,,,,,,,,,,,,,,,,,,,,,,,,-0.6345000267028809,0.003000000026077032,-0.4830000102519989,97016.0,0.0,,,,,,,,,,,,,,,,,,,,,
23400,,,,,,,,,,,,,,,,,,,,,,,,,,,,,,,,,,,,0.0,0.0,0.0,0.0,,,,,,,,,,,
23400,,,,,,,,,,,,,,,,,,,,,,,,,,,,,,,,,,,,,,,,0.0,0.0,0.0,0.0,,,,,,,
24400,,,,,,,,,,,,,,,,,,,9.746902465820312,0.11489471793174744,-0.08617103844881058,-0.0024434609804302454,-0.004886921960860491,-0.0073303827084600925,,,,,,,,,,,,,,,,,,,,,,,,,,
24400,,,,,,,,,,,,,,,,,,,,,,,,,,,,,,,,,,,,,,,,,,,,9.736143112182617,-0.21973025798797607,0.09417010843753815,-4.588733196258545,,,
24400,,,,,,,,,,,,,,,,,,,,,,,,,,,,,,0.0,0.0,0.0,0.0,0.0,0.0,,,,,,,,,,,,,,,
24400,,,,,,,,,,,,,,,,,,,,,,,,,0.4830000102519989,-0.001500000013038516,-0.6299999952316284,97016.0,0.0,,,,,,,,,,,,,,,,,,,,,
24400,,,,,,,,,,,,,,,,,,,,,,,,,,,,,,,,,,,,0.0,0.0,0.0,0.0,,,,,,,,,,,
24400,,,,,,,,,,,,,,,,,,,,,,,,,,,,,,,,,,,,,,,,0.0,0.0,0.0,0.0,,,,,,,
25400,,,,,,,,,,,,,,,,,,,9.727752685546875,0.12446928024291992,-0.05744735896587372,-0.0024434609804302454,-0.004886921960860491,0.0,,,,,,,,,,,,,,,,,,,,,,,,,,
25400,,,,,,,,,,,,,,,,,,,,,,,,,,,,,,,,,,,,,,,,,,,,9.689058303833008,-0.2144985944032669,0.1307918280363083,-5.509547710418701,,,
25400,,,,,,,,,,,,,,,,,,,,,,,,,,,,,,0.0,0.0,0.0,0.0,0.0,0.0,,,,,,,,,,,,,,,
25400,,,,,,,,,,,,,,,,,,,,,,,,,-0.6284999847412109,0.003000000026077032,-0.4830000102519989,97021.0,0.0,,,,,,,,,,,,,,,,,,,,,
25400,,,,,,,,,,,,,,,,,,,,,,,,,,,,,,,,,,,,0.0,0.0,0.0,0.0,,,,,,,,,,,
25400,,,,,,,,,,,,,,,,,,,,,,,,,,,,,,,,,,,,,,,,0.0,0.0,0.0,0.0,,,,,,,
26400,,,,,,,,,,,,,,,,,,,9.708603858947754,0.10532016307115555,-0.09574560075998306,-0.0024434609804302454,-0.0073303827084600925,0.004886921960860491,,,,,,,,,,,,,,,,,,,,,,,,,,
26400,,,,,,,,,,,,,,,,,,,,,,,,,,,,,,,,,,,,,,,,,,,,9.678594589233398,-0.25112029910087585,0.06801174581050873,-5.351888656616211,,,
26400,,,,,,,,,,,,,,,,,,,,,,,,,,,,,,0.0,0.0,0.0,0.0,0.0,0.0,,,,,,,,,,,,,,,
26400,,,,,,,,,,,,,,,,,,,,,,,,,-0.6330000162124634,0.006000000052154064,-0.49050000309944153,97017.0,0.0,,,,,,,,,,,,,,,,,,,,,
26400,,,,,,,,,,,,,,,,,,,,,,,,,,,,,,,,,,,,0.0,0.0,0.0,0.0,,,,,,,,,,,
26400,,,,,,,,,,,,,,,,,,,,,,,,,,,,,,,,,,,,,,,,0.0,0.0,0.0,0.0,,,,,,,
27400,,,,,,,,,,,,,,,,,,,9.718178749084473,0.12446928024291992,-0.07659648358821869,-0.004886921960860491,-0.01710422709584236,0.03420845419168472,,,,,,,,,,,,,,,,,,,,,,,,,,
27400,,,,,,,,,,,,,,,,,,,,,,,,,,,,,,,,,,,,,,,,,,,,9.636741638183594,-0.29297366738319397,0.14125517010688782,-4.021160125732422,,,
27400,,,,,,,,,,,,,,,,,,,,,,,,,,,,,,0.0,0.0,0.0,0.0,0.0,0.0,,,,,,,,,,,,,,,
27400,,,,,,,,,,,,,,,,,,,,,,,,,-0.6345000267028809,0.0044999998062849045,-0.48899999260902405,97021.0,0.0,,,,,,,,,,,,,,,,,,,,,
27400,,,,,,,,,,,,,,,,,,,,,,,,,,,,,,,,,,,,0.0,0.0,0.0,0.0,,,,,,,,,,,
27400,,,,,,,,,,,,,,,,,,,,,,,,,,,,,,,,,,,,,,,,0.0,0.0,0.0,0.0,,,,,,,
28400,,,,,,,,,,,,,,,,,,,9.708603858947754,0.07659648358821869,-0.09574560075998306,-0.0024434609804302454,-0.0073303827084600925,0.0024434609804302454,,,,,,,,,,,,,,,,,,,,,,,,,,
28400,,,,,,,,,,,,,,,,,,,,,,,,,,,,,,,,,,,,,,,,,,,,9.668131828308105,-0.29297366738319397,0.12556014955043793,-4.58234167098999,,,
28400,,,,,,,,,,,,,,,,,,,,,,,,,,,,,,0.0,0.0,0.0,0.0,0.0,0.0,,,,,,,,,,,,,,,
28400,,,,,,,,,,,,,,,,,,,,,,,,,-0.6330000162124634,0.001500000013038516,-0.48899999260902405,97022.0,0.0,,,,,,,,,,,,,,,,,,,,,
28400,,,,,,,,,,,,,,,,,,,,,,,,,,,,,,,,,,,,0.0,0.0,0.0,0.0,,,,,,,,,,,
28400,,,,,,,,,,,,,,,,,,,,,,,,,,,,,,,,,,,,,,,,0.0,0.0,0.0,0.0,,,,,,,
29400,,,,,,,,,,,,,,,,,,,9.727752685546875,0.0670219212770462,-0.09574560075998306,-0.0024434609804302454,-0.0024434609804302454,-0.0024434609804302454,,,,,,,,,,,,,,,,,,,,,,,,,,
29400,,,,,,,,,,,,,,,,,,,,,,,,,,,,,,,,,,,,,,,,,,,,9.70998477935791,-0.3348270654678345,0.10986512899398804,-5.432422637939453,,,
29400,,,,,,,,,,,,,,,,,,,,,,,,,,,,,,0.0,0.0,0.0,0.0,0.0,0.0,,,,,,,,,,,,,,,
29400,,,,,,,,,,,,,,,,,,,,,,,,,-0.6315000057220459,0.007499999832361937,-0.48899999260902405,97023.0,0.0,,,,,,,,,,,,,,,,,,,,,
29400,,,,,,,,,,,,,,,,,,,,,,,,,,,,,,,,,,,,0.0,0.0,0.0,0.0,,,,,,,,,,,
29400,,,,,,,,,,,,,,,,,,,,,,,,,,,,,,,,,,,,,,,,0.0,0.0,0.0,0.0,,,,,,,
30400,,,,,,,,,,,,,,,,,,,10.378823280334473,9.957542419433594,3.485139846801758,17.038253784179688,-0.08796459436416626,0.1270599663257599,,,,,,,,,,,,,,,,,,,,,,,,,,
30400,,,,,,,,,,,,,,,,,,,,,,,,,,,,,,,,,,,,,,,,,,,,8.166641235351562,6.665151119232178,0.8213726282119751,130.8979949951172,,,
30400,,,,,,,,,,,,,,,,,,,,,,,,,,,,,,0.0,0.0,0.0,0.0,0.0,0.0,,,,,,,,,,,,,,,
30400,,,,,,,,,,,,,,,,,,,,,,,,,0.414000004529953,0.2535000145435333,-0.43050000071525574,97021.0,0.0,,,,,,,,,,,,,,,,,,,,,
30400,,,,,,,,,,,,,,,,,,,,,,,,,,,,,,,,,,,,0.0,0.0,0.0,0.0,,,,,,,,,,,
30400,,,,,,,,,,,,,,,,,,,,,,,,,,,,,,,,,,,,,,,,0.0,0.0,0.0,0.0,,,,,,,
31400,,,,,,,,,,,,,,,,,,,9.574560165405273,7.9756083488464355,5.467073917388916,17.099340438842773,-0.07819075137376785,0.1368338167667389,,,,,,,,,,,,,,,,,,,,,,,,,,
31400,,,,,,,,,,,,,,,,,,,,,,,,,,,,,,,,,,,,,,,,,,,,12.362442970275879,16.134479522705078,1.8310855627059937,131.33517456054688,,,
31400,,,,,,,,,,,,,,,,,,,,,,,,,,,,,,0.0,0.0,0.0,0.0,0.0,0.0,,,,,,,,,,,,,,,
31400,,,,,,,,,,,,,,,,,,,,,,,,,-0.2460000067949295,-0.02250000089406967,-0.41850000619888306,97020.0,0.0,,,,,,,,,,,,,,,,,,,,,
31400,,,,,,,,,,,,,,,,,,,,,,,,,,,,,,,,,,,,0.0,0.0,0.0,0.0,,,,,,,,,,,
31400,,,,,,,,,,,,,,,,,,,,,,,,,,,,,,,,,,,,,,,,0.0,0.0,0.0,0.0,,,,,,,
32400,,,,,,,,,,,,,,,,,,,9.766051292419434,8.674551010131836,4.394722938537598,17.17753028869629,-0.09285151958465576,0.11972958594560623,,,,,,,,,,,,,,,,,,,,,,,,,,
32400,,,,,,,,,,,,,,,,,,,,,,,,,,,,,,,,,,,,,,,,,,,,15.710713386535645,17.186044692993164,-2.1188275814056396,131.8533172607422,,,
32400,,,,,,,,,,,,,,,,,,,,,,,,,,,,,,0.0,0.0,0.0,0.0,0.0,0.0,,,,,,,,,,,,,,,
32400,,,,,,,,,,,,,,,,,,,,,,,,,-0.4724999964237213,0.1784999966621399,-0.6119999885559082,97022.0,0.0,,,,,,,,,,,,,,,,,,,,,
32400,,,,,,,,,,,,,,,,,,,,,,,,,,,,,,,,,,,,0.0,0.0,0.0,0.0,,,,,,,,,,,
32400,,,,,,,,,,,,,,,,,,,,,,,,,,,,,,,,,,,,,,,,0.0,0.0,0.0,0.0,,,,,,,
33400,,,,,,,,,,,,,,,,,,,9.699028968811035,7.985183238983154,4.547915935516357,17.074905395507812,-0.10262536257505417,0.1319468915462494,,,,,,,,,,,,,,,,,,,,,,,,,,
33400,,,,,,,,,,,,,,,,,,,,,,,,,,,,,,,,,,,,,,,,,,,,7.235403537750244,5.221209526062012,3.8714380264282227,130.7714385986328,,,
33400,,,,,,,,,,,,,,,,,,,,,,,,,,,,,,0.0,0.0,0.0,0.0,0.0,0.0,,,,,,,,,,,,,,,
33400,,,,,,,,,,,,,,,,,,,,,,,,,-0.7095000147819519,0.007499999832361937,-0.492000013589859,97023.0,0.0,,,,,,,,,,,,,,,,,,,,,
33400,,,,,,,,,,,,,,,,,,,,,,,,,,,,,,,,,,,,0.0,0.0,0.0,0.0,,,,,,,,,,,
33400,,,,,,,,,,,,,,,,,,,,,,,,,,,,,,,,,,,,,,,,0.0,0.0,0.0,0.0,,,,,,,
34400,,,,,,,,,,,,,,,,,,,9.909669876098633,10.436270713806152,4.298977375030518,17.287487030029297,-0.004886921960860491,0.12461651116609573,,,,,,,,,,,,,,,,,,,,,,,,,,
34400,,,,,,,,,,,,,,,,,,,,,,,,,,,,,,,,,,,,,,,,,,,,8.428224563598633,13.59711742401123,4.075473308563232,132.65098571777344,,,
34400,,,,,,,,,,,,,,,,,,,,,,,,,,,,,,0.0,0.0,0.0,0.0,0.0,0.0,,,,,,,,,,,,,,,
34400,,,,,,,,,,,,,,,,,,,,,,,,,-0.3540000021457672,-0.2475000023841858,-0.40799999237060547,97018.0,0.0,,,,,,,,,,,,,,,,,,,,,
34400,,,,,,,,,,,,,,,,,,,,,,,,,,,,,,,,,,,,0.0,0.0,0.0,0.0,,,,,,,,,,,
34400,,,,,,,,,,,,,,,,,,,,,,,,,,,,,,,,,,,,,,,,0.0,0.0,0.0,0.0,,,,,,,
35400,,,,,,,,,,,,,,,,,,,10.302227020263672,6.8745341300964355,5.955376148223877,16.81345558166504,-0.07330382615327835,0.08552113175392151,,,,,,,,,,,,,,,,,,,,,,,,,,
35400,,,,,,,,,,,,,,,,,,,,,,,,,,,,,,,,,,,,,,,,,,,,6.733162879943848,4.964857578277588,-2.1502175331115723,129.1087646484375,,,
35400,,,,,,,,,,,,,,,,,,,,,,,,,,,,,,0.0,0.0,0.0,0.0,0.0,0.0,,,,,,,,,,,,,,,
35400,,,,,,,,,,,,,,,,,,,,,,,,,0.4860000014305115,0.007499999832361937,-0.33000001311302185,97021.0,0.0,,,,,,,,,,,,,,,,,,,,,
35400,,,,,,,,,,,,,,,,,,,,,,,,,,,,,,,,,,,,0.0,0.0,0.0,0.0,,,,,,,,,,,
35400,,,,,,,,,,,,,,,,,,,,,,,,,,,,,,,,,,,,,,,,0.0,0.0,0.0,0.0,,,,,,,
36400,,,,,,,,,,,,,,,,,,,10.187332153320312,8.368165016174316,5.476648330688477,17.223957061767578,-0.10751228034496307,0.16859880089759827,,,,,,,,,,,,,,,,,,,,,,,,,,
36400,,,,,,,,,,,,,,,,,,,,,,,,,,,,,,,,,,,,,,,,,,,,1.77876877784729,8.323591232299805,8.637492179870605,132.51846313476562,,,
36400,,,,,,,,,,,,,,,,,,,,,,,,,,,,,,0.0,0.0,0.0,0.0,0.0,0.0,,,,,,,,,,,,,,,
36400,,,,,,,,,,,,,,,,,,,,,,,,,0.0,0.0,0.0,97024.0,0.0,,,,,,,,,,,,,,,,,,,,,
36400,,,,,,,,,,,,,,,,,,,,,,,,,,,,,,,,,,,,0.0,0.0,0.0,0.0,,,,,,,,,,,
36400,,,,,,,,,,,,,,,,,,,,,,,,,,,,,,,,,,,,,,,,0.0,0.0,0.0,0.0,,,,,,,
37400,,,,,,,,,,,,,,,,,,,9.603283882141113,10.838401794433594,1.8670392036437988,17.189746856689453,-0.04398229718208313,0.19792033731937408,,,,,,,,,,,,,,,,,,,,,,,,,,
37400,,,,,,,,,,,,,,,,,,,,,,,,,,,,,,,,,,,,,,,,,,,,7.915521144866943,10.227920532226562,-0.5545573234558105,132.1294403076172,,,
37400,,,,,,,,,,,,,,,,,,,,,,,,,,,,,,0.0,0.0,0.0,0.0,0.0,0.0,,,,,,,,,,,,,,,
37400,,,,,,,,,,,,,,,,,,,,,,,,,-0.5864999890327454,-0.16500000655651093,-0.4169999957084656,97024.0,0.0,,,,,,,,,,,,,,,,,,,,,
37400,,,,,,,,,,,,,,,,,,,,,,,,,,,,,,,,,,,,0.0,0.0,0.0,0.0,,,,,,,,,,,
37400,,,,,,,,,,,,,,,,,,,,,,,,,,,,,,,,,,,,,,,,0.0,0.0,0.0,0.0,,,,,,,
38400,,,,,,,,,,,,,,,,,,,9.727752685546875,7.238367557525635,5.8979291915893555,16.999156951904297,-0.09040805697441101,0.17348572611808777,,,,,,,,,,,,,,,,,,,,,,,,,,
38400,,,,,,,,,,,,,,,,,,,,,,,,,,,,,,,,,,,,,,,,,,,,7.769034385681152,8.375907897949219,5.650206565856934,130.60951232910156,,,
38400,,,,,,,,,,,,,,,,,,,,,,,,,,,,,,0.0,0.0,0.0,0.0,0.0,0.0,,,,,,,,,,,,,,,
38400,,,,,,,,,,,,,,,,,,,,,,,,,-0.2535000145435333,-0.15299999713897705,-0.38100001215934753,97021.0,0.0,,,,,,,,,,,,,,,,,,,,,
38400,,,,,,,,,,,,,,,,,,,,,,,,,,,,,,,,,,,,0.0,0.0,0.0,0.0,,,,,,,,,,,
38400,,,,,,,,,,,,,,,,,,,,,,,,,,,,,,,,,,,,,,,,0.0,0.0,0.0,0.0,,,,,,,
39400,,,,,,,,,,,,,,,,,,,9.057534217834473,9.670305252075195,2.1255524158477783,17.23373031616211,-0.0073303827084600925,0.21013763546943665,,,,,,,,,,,,,,,,,,,,,,,,,,
39400,,,,,,,,,,,,,,,,,,,,,,,,,,,,,,,,,,,,,,,,,,,,6.544822692871094,4.075473308563232,1.6479769945144653,133.13760375976562,,,
39400,,,,,,,,,,,,,,,,,,,,,,,,,,,,,,0.0,0.0,0.0,0.0,0.0,0.0,,,,,,,,,,,,,,,
39400,,,,,,,,,,,,,,,,,,,,,,,,,-0.38999998569488525,0.11249999701976776,-0.5789999961853027,97023.0,0.0,,,,,,,,,,,,,,,,,,,,,
39400,,,,,,,,,,,,,,,,,,,,,,,,,,,,,,,,,,,,0.0,0.0,0.0,0.0,,,,,,,,,,,
39400,,,,,,,,,,,,,,,,,,,,,,,,,,,,,,,,,,,,,,,,0.0,0.0,0.0,0.0,,,,,,,
40400,,,,,,,,,,,,,,,,,,,9.488389015197754,8.511783599853516,2.9585390090942383,16.947845458984375,-0.06352998316287994,0.12950342893600464,,,,,,,,,,,,,,,,,,,,,,,,,,
40400,,,,,,,,,,,,,,,,,,,,,,,,,,,,,,,,,,,,,,,,,,,,5.289221286773682,6.9895148277282715,-5.043332576751709,129.88641357421875,,,
40400,,,,,,,,,,,,,,,,,,,,,,,,,,,,,,0.0,0.0,0.0,0.0,0.0,0.0,,,,,,,,,,,,,,,
40400,,,,,,,,,,,,,,,,,,,,,,,,,-0.6690000295639038,0.13500000536441803,-0.5475000143051147,97024.0,0.0,,,,,,,,,,,,,,,,,,,,,
40400,,,,,,,,,,,,,,,,,,,,,,,,,,,,,,,,,,,,0.0,0.0,0.0,0.0,,,,,,,,,,,
40400,,,,,,,,,,,,,,,,,,,,,,,,,,,,,,,,,,,,,,,,0.0,0.0,0.0,0.0,,,,,,,
41400,,,,,,,,,,,,,,,,,,,9.880946159362793,6.539424419403076,5.869205474853516,17.128662109375,-0.04886921867728233,0.17104226350784302,,,,,,,,,,,,,,,,,,,,,,,,,,
41400,,,,,,,,,,,,,,,,,,,,,,,,,,,,,,,,,,,,,,,,,,,,12.828062057495117,9.045562744140625,2.3594844341278076,131.23545837402344,,,
41400,,,,,,,,,,,,,,,,,,,,,,,,,,,,,,0.0,0.0,0.0,0.0,0.0,0.0,,,,,,,,,,,,,,,
41400,,,,,,,,,,,,,,,,,,,,,,,,,0.4410000145435333,0.23250000178813934,-0.5130000114440918,97031.0,0.0,,,,,,,,,,,,,,,,,,,,,
41400,,,,,,,,,,,,,,,,,,,,,,,,,,,,,,,,,,,,0.0,0.0,0.0,0.0,,,,,,,,,,,
41400,,,,,,,,,,,,,,,,,,,,,,,,,,,,,,,,,,,,,,,,0.0,0.0,0.0,0.0,,,,,,,
42400,,,,,,,,,,,,,,,,,,,9.134130477905273,10.263928413391113,0.10532016307115555,16.87209701538086,-0.04153883457183838,0.11239920556545258,,,,,,,,,,,,,,,,,,,,,,,,,,
42400,,,,,,,,,,,,,,,,,,,,,,,,,,,,,,,,,,,,,,,,,,,,19.11130142211914,17.186044692993164,-15.014901161193848,130.2281494140625,,,
42400,,,,,,,,,,,,,,,,,,,,,,,,,,,,,,0.0,0.0,0.0,0.0,0.0,0.0,,,,,,,,,,,,,,,
42400,,,,,,,,,,,,,,,,,,,,,,,,,-0.29100000858306885,-0.0794999971985817,-0.4169999957084656,97027.0,0.0,,,,,,,,,,,,,,,,,,,,,
42400,,,,,,,,,,,,,,,,,,,,,,,,,,,,,,,,,,,,0.0,0.0,0.0,0.0,,,,,,,,,,,
42400,,,,,,,,,,,,,,,,,,,,,,,,,,,,,,,,,,,,,,,,0.0,0.0,0.0,0.0,,,,,,,
43400,,,,,,,,,,,,,,,,,,,8.483059883117676,6.644744873046875,4.394722938537598,17.21173858642578,-0.1319468915462494,0.1612684279680252,,,,,,,,,,,,,,,,,,,,,,,,,,
43400,,,,,,,,,,,,,,,,,,,,,,,,,,,,,,,,,,,,,,,,,,,,8.742125511169434,12.017152786254883,-2.369947910308838,132.20144653320312,,,
43400,,,,,,,,,,,,,,,,,,,,,,,,,,,,,,0.0,0.0,0.0,0.0,0.0,0.0,,,,,,,,,,,,,,,
43400,,,,,,,,,,,,,,,,,,,,,,,,,-0.42750000953674316,0.14249999821186066,-0.5879999995231628,97033.0,0.0,,,,,,,,,,,,,,,,,,,,,
43400,,,,,,,,,,,,,,,,,,,,,,,,,,,,,,,,,,,,0.0,0.0,0.0,0.0,,,,,,,,,,,
43400,,,,,,,,,,,,,,,,,,,,,,,,,,,,,,,,,,,,,,,,0.0,0.0,0.0,0.0,,,,,,,
44400,,,,,,,,,,,,,,,,,,,9.660731315612793,10.551165580749512,-0.10532016307115555,16.901418685913086,-0.03420845419168472,0.13927727937698364,,,,,,,,,,,,,,,,,,,,,,,,,,
44400,,,,,,,,,,,,,,,,,,,,,,,,,,,,,,,,,,,,,,,,,,,,13.000706672668457,13.241364479064941,14.10459041595459,132.4673309326172,,,
44400,,,,,,,,,,,,,,,,,,,,,,,,,,,,,,0.0,0.0,0.0,0.0,0.0,0.0,,,,,,,,,,,,,,,
44400,,,,,,,,,,,,,,,,,,,,,,,,,-0.640500009059906,-0.0044999998062849045,-0.46950000524520874,97024.0,0.0,,,,,,,,,,,,,,,,,,,,,
44400,,,,,,,,,,,,,,,,,,,,,,,,,,,,,,,,,,,,0.0,0.0,0.0,0.0,,,,,,,,,,,
44400,,,,,,,,,,,,,,,,,,,,,,,,,,,,,,,,,,,,,,,,0.0,0.0,0.0,0.0,,,,,,,
45400,,,,,,,,,,,,,,,,,,,9.469240188598633,7.563902378082275,5.524521350860596,16.935626983642578,-0.04398229718208313,0.17348572611808777,,,,,,,,,,,,,,,,,,,,,,,,,,
45400,,,,,,,,,,,,,,,,,,,,,,,,,,,,,,,,,,,,,,,,,,,,7.549304008483887,5.404317855834961,1.7316837310791016,130.26138305664062,,,
45400,,,,,,,,,,,,,,,,,,,,,,,,,,,,,,0.0,0.0,0.0,0.0,0.0,0.0,,,,,,,,,,,,,,,
45400,,,,,,,,,,,,,,,,,,,,,,,,,-0.35249999165534973,-0.2084999978542328,-0.3869999945163727,97030.0,0.0,,,,,,,,,,,,,,,,,,,,,
45400,,,,,,,,,,,,,,,,,,,,,,,,,,,,,,,,,,,,0.0,0.0,0.0,0.0,,,,,,,,,,,
45400,,,,,,,,,,,,,,,,,,,,,,,,,,,,,,,,,,,,,,,,0.0,0.0,0.0,0.0,,,,,,,
46400,,,,,,,,,,,,,,,,,,,10.292652130126953,9.632007598876953,3.9159951210021973,17.346128463745117,-0.04642575979232788,0.2272418737411499,,,,,,,,,,,,,,,,,,,,,,,,,,
46400,,,,,,,,,,,,,,,,,,,,,,,,,,,,,,,,,,,,,,,,,,,,9.689058303833008,5.796693325042725,2.354252815246582,132.59474182128906,,,
46400,,,,,,,,,,,,,,,,,,,,,,,,,,,,,,0.0,0.0,0.0,0.0,0.0,0.0,,,,,,,,,,,,,,,
46400,,,,,,,,,,,,,,,,,,,,,,,,,0.4754999876022339,0.006000000052154064,-0.29249998927116394,97030.0,0.0,,,,,,,,,,,,,,,,,,,,,
46400,,,,,,,,,,,,,,,,,,,,,,,,,,,,,,,,,,,,0.0,0.0,0.0,0.0,,,,,,,,,,,
46400,,,,,,,,,,,,,,,,,,,,,,,,,,,,,,,,,,,,,,,,0.0,0.0,0.0,0.0,,,,,,,
47400,,,,,,,,,,,,,,,,,,,9.478814125061035,8.454336166381836,3.8872714042663574,17.030921936035156,-0.024434609338641167,0.0806342139840126,,,,,,,,,,,,,,,,,,,,,,,,,,
47400,,,,,,,,,,,,,,,,,,,,,,,,,,,,,,,,,,,,,,,,,,,,11.106841087341309,10.87664794921875,-5.163661003112793,130.98704528808594,,,
47400,,,,,,,,,,,,,,,,,,,,,,,,,,,,,,0.0,0.0,0.0,0.0,0.0,0.0,,,,,,,,,,,,,,,
47400,,,,,,,,,,,,,,,,,,,,,,,,,-0.5625,0.2070000022649765,-0.5954999923706055,97028.0,0.0,,,,,,,,,,,,,,,,,,,,,
47400,,,,,,,,,,,,,,,,,,,,,,,,,,,,,,,,,,,,0.0,0.0,0.0,0.0,,,,,,,,,,,
47400,,,,,,,,,,,,,,,,,,,,,,,,,,,,,,,,,,,,,,,,0.0,0.0,0.0,0.0,,,,,,,
48400,,,,,,,,,,,,,,,,,,,9.794775009155273,8.023481369018555,5.237284183502197,17.10422706604004,-0.07330382615327835,0.08796459436416626,,,,,,,,,,,,,,,,,,,,,,,,,,
48400,,,,,,,,,,,,,,,,,,,,,,,,,,,,,,,,,,,,,,,,,,,,12.006689071655273,15.26078987121582,-0.4342288374900818,130.6776885986328,,,
48400,,,,,,,,,,,,,,,,,,,,,,,,,,,,,,0.0,0.0,0.0,0.0,0.0,0.0,,,,,,,,,,,,,,,
48400,,,,,,,,,,,,,,,,,,,,,,,,,-0.6464999914169312,-0.13349999487400055,-0.4650000035762787,97028.0,0.0,,,,,,,,,,,,,,,,,,,,,
48400,,,,,,,,,,,,,,,,,,,,,,,,,,,,,,,,,,,,0.0,0.0,0.0,0.0,,,,,,,,,,,
48400,,,,,,,,,,,,,,,,,,,,,,,,,,,,,,,,,,,,,,,,0.0,0.0,0.0,0.0,,,,,,,
49400,,,,,,,,,,,,,,,,,,,10.043713569641113,10.733081817626953,1.3787366151809692,17.11400032043457,0.0757472887635231,0.11728612333536148,,,,,,,,,,,,,,,,,,,,,,,,,,
49400,,,,,,,,,,,,,,,,,,,,,,,,,,,,,,,,,,,,,,,,,,,,9.589656829833984,14.779476165771484,1.4020882844924927,132.30157470703125,,,
49400,,,,,,,,,,,,,,,,,,,,,,,,,,,,,,0.0,0.0,0.0,0.0,0.0,0.0,,,,,,,,,,,,,,,
49400,,,,,,,,,,,,,,,,,,,,,,,,,-0.32249999046325684,-0.20250000059604645,-0.3779999911785126,97033.0,0.0,,,,,,,,,,,,,,,,,,,,,
49400,,,,,,,,,,,,,,,,,,,,,,,,,,,,,,,,,,,,0.0,0.0,0.0,0.0,,,,,,,,,,,
49400,,,,,,,,,,,,,,,,,,,,,,,,,,,,,,,,,,,,,,,,0.0,0.0,0.0,0.0,,,,,,,
50400,,,,,,,,,,,,,,,,,,,10.493718147277832,8.483059883117676,4.854301929473877,17.08223533630371,0.012217304669320583,0.0659734457731247,,,,,,,,,,,,,,,,,,,,,,,,,,
50400,,,,,,,,,,,,,,,,,,,,,,,,,,,,,,,,,,,,,,,,,,,,12.514161109924316,11.394583702087402,1.4020882844924927,131.46981811523438,,,
50400,,,,,,,,,,,,,,,,,,,,,,,,,,,,,,0.0,0.0,0.0,0.0,0.0,0.0,,,,,,,,,,,,,,,
50400,,,,,,,,,,,,,,,,,,,,,,,,,-0.3179999887943268,0.06750000268220901,-0.5205000042915344,97030.0,0.0,,,,,,,,,,,,,,,,,,,,,
50400,,,,,,,,,,,,,,,,,,,,,,,,,,,,,,,,,,,,0.0,0.0,0.0,0.0,,,,,,,,,,,
50400,,,,,,,,,,,,,,,,,,,,,,,,,,,,,,,,,,,,,,,,0.0,0.0,0.0,0.0,,,,,,,
51400,,,,,,,,,,,,,,,,,,,9.900094985961914,8.320292472839355,5.313880920410156,17.153095245361328,-0.0757472887635231,0.15393804013729095,,,,,,,,,,,,,,,,,,,,,,,,,,
51400,,,,,,,,,,,,,,,,,,,,,,,,,,,,,,,,,,,,,,,,,,,,6.44542121887207,6.073972225189209,-1.9932674169540405,131.7510528564453,,,
51400,,,,,,,,,,,,,,,,,,,,,,,,,,,,,,0.0,0.0,0.0,0.0,0.0,0.0,,,,,,,,,,,,,,,
51400,,,,,,,,,,,,,,,,,,,,,,,,,-0.5684999823570251,0.1185000017285347,-0.527999997138977,97035.0,0.0,,,,,,,,,,,,,,,,,,,,,
51400,,,,,,,,,,,,,,,,,,,,,,,,,,,,,,,,,,,,0.0,0.0,0.0,0.0,,,,,,,,,,,
51400,,,,,,,,,,,,,,,,,,,,,,,,,,,,,,,,,,,,,,,,0.0,0.0,0.0,0.0,,,,,,,
52400,,,,,,,,,,,,,,,,,,,10.187332153320312,10.034138679504395,2.5181093215942383,16.867210388183594,-0.02687807008624077,0.15393804013729095,,,,,,,,,,,,,,,,,,,,,,,,,,
52400,,,,,,,,,,,,,,,,,,,,,,,,,,,,,,,,,,,,,,,,,,,,17.77199363708496,19.053752899169922,2.914041757583618,130.31507873535156,,,
52400,,,,,,,,,,,,,,,,,,,,,,,,,,,,,,0.0,0.0,0.0,0.0,0.0,0.0,,,,,,,,,,,,,,,
52400,,,,,,,,,,,,,,,,,,,,,,,,,0.4154999852180481,0.1589999943971634,-0.5429999828338623,97029.0,0.0,,,,,,,,,,,,,,,,,,,,,
52400,,,,,,,,,,,,,,,,,,,,,,,,,,,,,,,,,,,,0.0,0.0,0.0,0.0,,,,,,,,,,,
52400,,,,,,,,,,,,,,,,,,,,,,,,,,,,,,,,,,,,,,,,0.0,0.0,0.0,0.0,,,,,,,
53400,,,,,,,,,,,,,,,,,,,8.846893310546875,7.5351786613464355,4.222381114959717,17.099340438842773,-0.1368338167667389,0.1563815027475357,,,,,,,,,,,,,,,,,,,,,,,,,,
53400,,,,,,,,,,,,,,,,,,,,,,,,,,,,,,,,,,,,,,,,,,,,6.408799171447754,2.715238332748413,-0.5283989906311035,131.85118103027344,,,
53400,,,,,,,,,,,,,,,,,,,,,,,,,,,,,,0.0,0.0,0.0,0.0,0.0,0.0,,,,,,,,,,,,,,,
53400,,,,,,,,,,,,,,,,,,,,,,,,,-0.28349998593330383,-0.10050000250339508,-0.4169999957084656,97032.0,0.0,,,,,,,,,,,,,,,,,,,,,
53400,,,,,,,,,,,,,,,,,,,,,,,,,,,,,,,,,,,,0.0,0.0,0.0,0.0,,,,,,,,,,,
53400,,,,,,,,,,,,,,,,,,,,,,,,,,,,,,,,,,,,,,,,0.0,0.0,0.0,0.0,,,,,,,
54400,,,,,,,,,,,,,,,,,,,9.172428131103516,8.205397605895996,3.600034475326538,17.197078704833984,-0.09040805697441101,0.18814648687839508,,,,,,,,,,,,,,,,,,,,,,,,,,
54400,,,,,,,,,,,,,,,,,,,,,,,,,,,,,,,,,,,,,,,,,,,,7.795192718505859,4.065009593963623,5.430476665496826,131.9832763671875,,,
54400,,,,,,,,,,,,,,,,,,,,,,,,,,,,,,0.0,0.0,0.0,0.0,0.0,0.0,,,,,,,,,,,,,,,
54400,,,,,,,,,,,,,,,,,,,,,,,,,-0.4620000123977661,0.18150000274181366,-0.5910000205039978,97044.0,0.0,,,,,,,,,,,,,,,,,,,,,
54400,,,,,,,,,,,,,,,,,,,,,,,,,,,,,,,,,,,,0.0,0.0,0.0,0.0,,,,,,,,,,,
54400,,,,,,,,,,,,,,,,,,,,,,,,,,,,,,,,,,,,,,,,0.0,0.0,0.0,0.0,,,,,,,
55400,,,,,,,,,,,,,,,,,,,9.459665298461914,7.851139068603516,4.567065238952637,16.91119384765625,-0.0708603709936142,0.11484266817569733,,,,,,,,,,,,,,,,,,,,,,,,,,
55400,,,,,,,,,,,,,,,,,,,,,,,,,,,,,,,,,,,,,,,,,,,,15.710713386535645,14.99920654296875,3.0448336601257324,130.33126831054688,,,
55400,,,,,,,,,,,,,,,,,,,,,,,,,,,,,,0.0,0.0,0.0,0.0,0.0,0.0,,,,,,,,,,,,,,,
55400,,,,,,,,,,,,,,,,,,,,,,,,,-0.6690000295639038,0.035999998450279236,-0.5235000252723694,97040.0,0.0,,,,,,,,,,,,,,,,,,,,,
55400,,,,,,,,,,,,,,,,,,,,,,,,,,,,,,,,,,,,0.0,0.0,0.0,0.0,,,,,,,,,,,
55400,,,,,,,,,,,,,,,,,,,,,,,,,,,,,,,,,,,,,,,,0.0,0.0,0.0,0.0,,,,,,,
56400,,,,,,,,,,,,,,,,,,,9.316046714782715,8.856468200683594,4.097911834716797,17.19219207763672,-0.0708603709936142,0.11972958594560623,,,,,,,,,,,,,,,,,,,,,,,,,,
56400,,,,,,,,,,,,,,,,,,,,,,,,,,,,,,,,,,,,,,,,,,,,6.372177600860596,11.044061660766602,-2.636763095855713,132.83761596679688,,,
56400,,,,,,,,,,,,,,,,,,,,,,,,,,,,,,0.0,0.0,0.0,0.0,0.0,0.0,,,,,,,,,,,,,,,
56400,,,,,,,,,,,,,,,,,,,,,,,,,-0.44850000739097595,-0.25949999690055847,-0.39899998903274536,97039.0,0.0,,,,,,,,,,,,,,,,,,,,,
56400,,,,,,,,,,,,,,,,,,,,,,,,,,,,,,,,,,,,0.0,0.0,0.0,0.0,,,,,,,,,,,
56400,,,,,,,,,,,,,,,,,,,,,,,,,,,,,,,,,,,,,,,,0.0,0.0,0.0,0.0,,,,,,,
57400,,,,,,,,,,,,,,,,,,,9.900094985961914,9.411792755126953,2.0681049823760986,16.96006202697754,-0.07819075137376785,0.10751228034496307,,,,,,,,,,,,,,,,,,,,,,,,,,
57400,,,,,,,,,,,,,,,,,,,,,,,,,,,,,,,,,,,,,,,,,,,,13.96856689453125,5.969338893890381,-7.59115743637085,131.37777709960938,,,
57400,,,,,,,,,,,,,,,,,,,,,,,,,,,,,,0.0,0.0,0.0,0.0,0.0,0.0,,,,,,,,,,,,,,,
57400,,,,,,,,,,,,,,,,,,,,,,,,,0.4154999852180481,0.0494999997317791,-0.2370000034570694,97040.0,0.0,,,,,,,,,,,,,,,,,,,,,
57400,,,,,,,,,,,,,,,,,,,,,,,,,,,,,,,,,,,,0.0,0.0,0.0,0.0,,,,,,,,,,,
57400,,,,,,,,,,,,,,,,,,,,,,,,,,,,,,,,,,,,,,,,0.0,0.0,0.0,0.0,,,,,,,
58400,,,,,,,,,,,,,,,,,,,9.067108154296875,7.3915605545043945,4.911749362945557,17.045583724975586,-0.02687807008624077,0.18081611394882202,,,,,,,,,,,,,,,,,,,,,,,,,,
58400,,,,,,,,,,,,,,,,,,,,,,,,,,,,,,,,,,,,,,,,,,,,7.847509384155273,9.704752922058105,0.15171851217746735,129.58558654785156,,,
58400,,,,,,,,,,,,,,,,,,,,,,,,,,,,,,0.0,0.0,0.0,0.0,0.0,0.0,,,,,,,,,,,,,,,
58400,,,,,,,,,,,,,,,,,,,,,,,,,-0.4934999942779541,0.17100000381469727,-0.5730000138282776,97040.0,0.0,,,,,,,,,,,,,,,,,,,,,
58400,,,,,,,,,,,,,,,,,,,,,,,,,,,,,,,,,,,,0.0,0.0,0.0,0.0,,,,,,,,,,,
58400,,,,,,,,,,,,,,,,,,,,,,,,,,,,,,,,,,,,,,,,0.0,0.0,0.0,0.0,,,,,,,
59400,,,,,,,,,,,,,,,,,,,9.976691246032715,6.663893699645996,4.988345623016357,-15.518420219421387,0.08307766914367676,-0.24434609711170197,,,,,,,,,,,,,,,,,,,,,,,,,,
59400,,,,,,,,,,,,,,,,,,,,,,,,,,,,,,,,,,,,,,,,,,,,12.142712593078613,9.657668113708496,5.247367858886719,-128.38780212402344,,,
59400,,,,,,,,,,,,,,,,,,,,,,,,,,,,,,0.0,0.0,0.0,0.0,0.0,0.0,,,,,,,,,,,,,,,
59400,,,,,,,,,,,,,,,,,,,,,,,,,-0.6884999871253967,0.012000000104308128,-0.47850000858306885,97038.0,0.0,,,,,,,,,,,,,,,,,,,,,
59400,,,,,,,,,,,,,,,,,,,,,,,,,,,,,,,,,,,,0.0,0.0,0.0,0.0,,,,,,,,,,,
59400,,,,,,,,,,,,,,,,,,,,,,,,,,,,,,,,,,,,,,,,0.0,0.0,0.0,0.0,,,,,,,
60400,,,,,,,,,,,,,,,,,,,9.947967529296875,6.759639263153076,3.647907257080078,-14.941763877868652,0.036651913076639175,-0.0806342139840126,,,,,,,,,,,,,,,,,,,,,,,,,,
60400,,,,,,,,,,,,,,,,,,,,,,,,,,,,,,,,,,,,,,,,,,,,8.517163276672363,7.198781967163086,2.4274961948394775,-123.92903137207031,,,
60400,,,,,,,,,,,,,,,,,,,,,,,,,,,,,,0.0,0.0,0.0,0.0,0.0,0.0,,,,,,,,,,,,,,,
60400,,,,,,,,,,,,,,,,,,,,,,,,,-0.2460000067949295,-0.08100000023841858,-0.3944999873638153,97036.0,0.0,,,,,,,,,,,,,,,,,,,,,
60400,,,,,,,,,,,,,,,,,,,,,,,,,,,,,,,,,,,,0.0,0.0,0.0,0.0,,,,,,,,,,,
60400,,,,,,,,,,,,,,,,,,,,,,,,,,,,,,,,,,,,,,,,0.0,0.0,0.0,0.0,,,,,,,
61400,,,,,,,,,,,,,,,,,,,7.286240100860596,7.477731227874756,-2.3649163246154785,-15.176336288452148,0.01710422709584236,-0.12461651116609573,,,,,,,,,,,,,,,,,,,,,,,,,,
61400,,,,,,,,,,,,,,,,,,,,,,,,,,,,,,,,,,,,,,,,,,,,15.145692825317383,4.436458587646484,-3.5366108417510986,-125.1574935913086,,,
61400,,,,,,,,,,,,,,,,,,,,,,,,,,,,,,0.0,0.0,0.0,0.0,0.0,0.0,,,,,,,,,,,,,,,
61400,,,,,,,,,,,,,,,,,,,,,,,,,-0.6644999980926514,0.1469999998807907,-0.5429999828338623,97039.0,0.0,,,,,,,,,,,,,,,,,,,,,
61400,,,,,,,,,,,,,,,,,,,,,,,,,,,,,,,,,,,,0.0,0.0,0.0,0.0,,,,,,,,,,,
61400,,,,,,,,,,,,,,,,,,,,,,,,,,,,,,,,,,,,,,,,0.0,0.0,0.0,0.0,,,,,,,
62400,,,,,,,,,,,,,,,,,,,10.043713569641113,6.137292861938477,7.171345233917236,-15.696793556213379,-0.10262536257505417,0.024434609338641167,,,,,,,,,,,,,,,,,,,,,,,,,,
62400,,,,,,,,,,,,,,,,,,,,,,,,,,,,,,,,,,,,,,,,,,,,4.504470348358154,5.032869338989258,1.679366946220398,-129.9401092529297,,,
62400,,,,,,,,,,,,,,,,,,,,,,,,,,,,,,0.0,0.0,0.0,0.0,0.0,0.0,,,,,,,,,,,,,,,
62400,,,,,,,,,,,,,,,,,,,,,,,,,0.3540000021457672,0.21150000393390656,-0.2955000102519989,97040.0,0.0,,,,,,,,,,,,,,,,,,,,,
62400,,,,,,,,,,,,,,,,,,,,,,,,,,,,,,,,,,,,0.0,0.0,0.0,0.0,,,,,,,,,,,
62400,,,,,,,,,,,,,,,,,,,,,,,,,,,,,,,,,,,,,,,,0.0,0.0,0.0,0.0,,,,,,,
63400,,,,,,,,,,,,,,,,,,,7.812840938568115,4.5000433921813965,1.8095918893814087,-14.956424713134766,0.23457224667072296,-0.15882496535778046,,,,,,,,,,,,,,,,,,,,,,,,,,
63400,,,,,,,,,,,,,,,,,,,,,,,,,,,,,,,,,,,,,,,,,,,,7.973069667816162,11.4102783203125,-7.502218723297119,-125.2947006225586,,,
63400,,,,,,,,,,,,,,,,,,,,,,,,,,,,,,0.0,0.0,0.0,0.0,0.0,0.0,,,,,,,,,,,,,,,
63400,,,,,,,,,,,,,,,,,,,,,,,,,0.6014999747276306,-0.1770000010728836,-0.5460000038146973,97041.0,0.0,,,,,,,,,,,,,,,,,,,,,
63400,,,,,,,,,,,,,,,,,,,,,,,,,,,,,,,,,,,,0.0,0.0,0.0,0.0,,,,,,,,,,,
63400,,,,,,,,,,,,,,,,,,,,,,,,,,,,,,,,,,,,,,,,0.0,0.0,0.0,0.0,,,,,,,
64401,,,,,,,,,,,,,,,,,,,9.507537841796875,5.984099864959717,0.7372411489486694,-15.388916969299316,0.04642575979232788,-0.012217304669320583,,,,,,,,,,,,,,,,,,,,,,,,,,
64401,,,,,,,,,,,,,,,,,,,,,,,,,,,,,,,,,,,,,,,,,,,,9.254829406738281,8.470078468322754,3.2070155143737793,-126.58451843261719,,,
64401,,,,,,,,,,,,,,,,,,,,,,,,,,,,,,0.0,0.0,0.0,0.0,0.0,0.0,,,,,,,,,,,,,,,
64401,,,,,,,,,,,,,,,,,,,,,,,,,0.3840000033378601,0.24150000512599945,-0.43050000071525574,97042.0,0.0,,,,,,,,,,,,,,,,,,,,,
64401,,,,,,,,,,,,,,,,,,,,,,,,,,,,,,,,,,,,0.0,0.0,0.0,0.0,,,,,,,,,,,
64401,,,,,,,,,,,,,,,,,,,,,,,,,,,,,,,,,,,,,,,,0.0,0.0,0.0,0.0,,,,,,,
65401,,,,,,,,,,,,,,,,,,,9.880946159362793,5.198986053466797,4.816003799438477,-15.225205421447754,0.0757472887635231,-0.17592918872833252,,,,,,,,,,,,,,,,,,,,,,,,,,
65401,,,,,,,,,,,,,,,,,,,,,,,,,,,,,,,,,,,,,,,,,,,,9.70998477935791,7.549304008483887,-2.9192733764648438,-127.3242416381836,,,
65401,,,,,,,,,,,,,,,,,,,,,,,,,,,,,,0.0,0.0,0.0,0.0,0.0,0.0,,,,,,,,,,,,,,,
65401,,,,,,,,,,,,,,,,,,,,,,,,,-0.41100001335144043,0.06449999660253525,-0.5759999752044678,97045.0,0.0,,,,,,,,,,,,,,,,,,,,,
65401,,,,,,,,,,,,,,,,,,,,,,,,,,,,,,,,,,,,0.0,0.0,0.0,0.0,,,,,,,,,,,
65401,,,,,,,,,,,,,,,,,,,,,,,,,,,,,,,,,,,,,,,,0.0,0.0,0.0,0.0,,,,,,,
66401,,,,,,,,,,,,,,,,,,,9.335195541381836,5.112814903259277,4.959621906280518,-15.503759384155273,0.04886921867728233,-0.20036379992961884,,,,,,,,,,,,,,,,,,,,,,,,,,
66401,,,,,,,,,,,,,,,,,,,,,,,,,,,,,,,,,,,,,,,,,,,,13.487252235412598,3.7563412189483643,-3.0448336601257324,-128.154296875,,,
66401,,,,,,,,,,,,,,,,,,,,,,,,,,,,,,0.0,0.0,0.0,0.0,0.0,0.0,,,,,,,,,,,,,,,
66401,,,,,,,,,,,,,,,,,,,,,,,,,-0.6000000238418579,-0.11400000005960464,-0.44699999690055847,97043.0,0.0,,,,,,,,,,,,,,,,,,,,,
66401,,,,,,,,,,,,,,,,,,,,,,,,,,,,,,,,,,,,0.0,0.0,0.0,0.0,,,,,,,,,,,
66401,,,,,,,,,,,,,,,,,,,,,,,,,,,,,,,,,,,,,,,,0.0,0.0,0.0,0.0,,,,,,,
67401,,,,,,,,,,,,,,,,,,,9.708603858947754,7.870288372039795,1.9915084838867188,-15.308282852172852,0.0659734457731247,-0.0806342139840126,,,,,,,,,,,,,,,,,,,,,,,,,,
67401,,,,,,,,,,,,,,,,,,,,,,,,,,,,,,,,,,,,,,,,,,,,6.434957504272461,7.52314567565918,0.6539590954780579,-127.16402435302734,,,
67401,,,,,,,,,,,,,,,,,,,,,,,,,,,,,,0.0,0.0,0.0,0.0,0.0,0.0,,,,,,,,,,,,,,,
67401,,,,,,,,,,,,,,,,,,,,,,,,,-0.296999990940094,-0.050999999046325684,-0.4860000014305115,97044.0,0.0,,,,,,,,,,,,,,,,,,,,,
67401,,,,,,,,,,,,,,,,,,,,,,,,,,,,,,,,,,,,0.0,0.0,0.0,0.0,,,,,,,,,,,
67401,,,,,,,,,,,,,,,,,,,,,,,,,,,,,,,,,,,,,,,,0.0,0.0,0.0,0.0,,,,,,,
68401,,,,,,,,,,,,,,,,,,,9.785200119018555,7.085174560546875,3.236201286315918,-15.14212703704834,0.15393804013729095,-0.0757472887635231,,,,,,,,,,,,,,,,,,,,,,,,,,
68401,,,,,,,,,,,,,,,,,,,,,,,,,,,,,,,,,,,,,,,,,,,,4.2481184005737305,8.302664756774902,1.5014901161193848,-125.15451049804688,,,
68401,,,,,,,,,,,,,,,,,,,,,,,,,,,,,,0.0,0.0,0.0,0.0,0.0,0.0,,,,,,,,,,,,,,,
68401,,,,,,,,,,,,,,,,,,,,,,,,,0.5070000290870667,-0.0494999997317791,-0.6165000200271606,97046.0,0.0,,,,,,,,,,,,,,,,,,,,,
68401,,,,,,,,,,,,,,,,,,,,,,,,,,,,,,,,,,,,0.0,0.0,0.0,0.0,,,,,,,,,,,
68401,,,,,,,,,,,,,,,,,,,,,,,,,,,,,,,,,,,,,,,,0.0,0.0,0.0,0.0,,,,,,,
69401,,,,,,,,,,,,,,,,,,,8.645827293395996,7.583051681518555,1.1202235221862793,-15.596611022949219,-0.05619960278272629,-0.2590068578720093,,,,,,,,,,,,,,,,,,,,,,,,,,
69401,,,,,,,,,,,,,,,,,,,,,,,,,,,,,,,,,,,,,,,,,,,,9.704752922058105,11.77126407623291,-6.529127597808838,-128.83990478515625,,,
69401,,,,,,,,,,,,,,,,,,,,,,,,,,,,,,0.0,0.0,0.0,0.0,0.0,0.0,,,,,,,,,,,,,,,
69401,,,,,,,,,,,,,,,,,,,,,,,,,-0.27300000190734863,-0.18150000274181366,-0.39899998903274536,97049.0,0.0,,,,,,,,,,,,,,,,,,,,,
69401,,,,,,,,,,,,,,,,,,,,,,,,,,,,,,,,,,,,0.0,0.0,0.0,0.0,,,,,,,,,,,
69401,,,,,,,,,,,,,,,,,,,,,,,,,,,,,,,,,,,,,,,,0.0,0.0,0.0,0.0,,,,,,,
70401,,,,,,,,,,,,,,,,,,,11.642664909362793,9.641581535339355,4.5000433921813965,-15.37181282043457,0.2174680233001709,-0.18814648687839508,,,,,,,,,,,,,,,,,,,,,,,,,,
70401,,,,,,,,,,,,,,,,,,,,,,,,,,,,,,,,,,,,,,,,,,,,16.81459617614746,7.999228000640869,24.238340377807617,-127.90076446533203,,,
70401,,,,,,,,,,,,,,,,,,,,,,,,,,,,,,0.0,0.0,0.0,0.0,0.0,0.0,,,,,,,,,,,,,,,
70401,,,,,,,,,,,,,,,,,,,,,,,,,-0.5070000290870667,0.20999999344348907,-0.5699999928474426,97047.0,0.0,,,,,,,,,,,,,,,,,,,,,
70401,,,,,,,,,,,,,,,,,,,,,,,,,,,,,,,,,,,,0.0,0.0,0.0,0.0,,,,,,,,,,,
70401,,,,,,,,,,,,,,,,,,,,,,,,,,,,,,,,,,,,,,,,0.0,0.0,0.0,0.0,,,,,,,
71401,,,,,,,,,,,,,,,,,,,7.8319902420043945,5.017069339752197,-1.7808681726455688,-15.342491149902344,-0.051312681287527084,-0.039095375686883926,,,,,,,,,,,,,,,,,,,,,,,,,,
71401,,,,,,,,,,,,,,,,,,,,,,,,,,,,,,,,,,,,,,,,,,,,12.582173347473145,2.7518599033355713,-7.261561870574951,-127.12013244628906,,,
71401,,,,,,,,,,,,,,,,,,,,,,,,,,,,,,0.0,0.0,0.0,0.0,0.0,0.0,,,,,,,,,,,,,,,
71401,,,,,,,,,,,,,,,,,,,,,,,,,-0.3930000066757202,-0.2370000034570694,-0.4020000100135803,97047.0,0.0,,,,,,,,,,,,,,,,,,,,,
71401,,,,,,,,,,,,,,,,,,,,,,,,,,,,,,,,,,,,0.0,0.0,0.0,0.0,,,,,,,,,,,
71401,,,,,,,,,,,,,,,,,,,,,,,,,,,,,,,,,,,,,,,,0.0,0.0,0.0,0.0,,,,,,,
72401,,,,,,,,,,,,,,,,,,,8.827744483947754,5.112814903259277,2.039381265640259,-15.518420219421387,0.019547687843441963,0.051312681287527084,,,,,,,,,,,,,,,,,,,,,,,,,,
72401,,,,,,,,,,,,,,,,,,,,,,,,,,,,,,,,,,,,,,,,,,,,10.834794998168945,5.085186004638672,-4.650957107543945,-128.14407348632812,,,
72401,,,,,,,,,,,,,,,,,,,,,,,,,,,,,,0.0,0.0,0.0,0.0,0.0,0.0,,,,,,,,,,,,,,,
72401,,,,,,,,,,,,,,,,,,,,,,,,,-0.40049999952316284,0.18000000715255737,-0.5774999856948853,97048.0,0.0,,,,,,,,,,,,,,,,,,,,,
72401,,,,,,,,,,,,,,,,,,,,,,,,,,,,,,,,,,,,0.0,0.0,0.0,0.0,,,,,,,,,,,
72401,,,,,,,,,,,,,,,,,,,,,,,,,,,,,,,,,,,,,,,,0.0,0.0,0.0,0.0,,,,,,,
73401,,,,,,,,,,,,,,,,,,,9.086256980895996,8.454336166381836,3.475565195083618,-15.542855262756348,0.08796459436416626,-0.19303341209888458,,,,,,,,,,,,,,,,,,,,,,,,,,
73401,,,,,,,,,,,,,,,,,,,,,,,,,,,,,,,,,,,,,,,,,,,,18.36317253112793,15.213705062866211,11.017903327941895,-128.383544921875,,,
73401,,,,,,,,,,,,,,,,,,,,,,,,,,,,,,0.0,0.0,0.0,0.0,0.0,0.0,,,,,,,,,,,,,,,
73401,,,,,,,,,,,,,,,,,,,,,,,,,0.43799999356269836,0.18449999392032623,-0.5774999856948853,97054.0,0.0,,,,,,,,,,,,,,,,,,,,,
73401,,,,,,,,,,,,,,,,,,,,,,,,,,,,,,,,,,,,0.0,0.0,0.0,0.0,,,,,,,,,,,
73401,,,,,,,,,,,,,,,,,,,,,,,,,,,,,,,,,,,,,,,,0.0,0.0,0.0,0.0,,,,,,,
74401,,,,,,,,,,,,,,,,,,,9.794775009155273,6.462828159332275,2.594705820083618,-15.022397994995117,0.03176499158143997,-0.15393804013729095,,,,,,,,,,,,,,,,,,,,,,,,,,
74401,,,,,,,,,,,,,,,,,,,,,,,,,,,,,,,,,,,,,,,,,,,,5.409549713134766,9.056025505065918,1.6741353273391724,-124.8907470703125,,,
74401,,,,,,,,,,,,,,,,,,,,,,,,,,,,,,0.0,0.0,0.0,0.0,0.0,0.0,,,,,,,,,,,,,,,
74401,,,,,,,,,,,,,,,,,,,,,,,,,-0.33000001311302185,0.04349999874830246,-0.4754999876022339,97053.0,0.0,,,,,,,,,,,,,,,,,,,,,
74401,,,,,,,,,,,,,,,,,,,,,,,,,,,,,,,,,,,,0.0,0.0,0.0,0.0,,,,,,,,,,,
74401,,,,,,,,,,,,,,,,,,,,,,,,,,,,,,,,,,,,,,,,0.0,0.0,0.0,0.0,,,,,,,
75401,,,,,,,,,,,,,,,,,,,9.775626182556152,7.937310218811035,3.2266266345977783,-15.462221145629883,0.019547687843441963,-0.03420845419168472,,,,,,,,,,,,,,,,,,,,,,,,,,
75401,,,,,,,,,,,,,,,,,,,,,,,,,,,,,,,,,,,,,,,,,,,,13.33553409576416,5.195051193237305,-7.073221683502197,-128.03839111328125,,,
75401,,,,,,,,,,,,,,,,,,,,,,,,,,,,,,0.0,0.0,0.0,0.0,0.0,0.0,,,,,,,,,,,,,,,
75401,,,,,,,,,,,,,,,,,,,,,,,,,-0.6915000081062317,-0.001500000013038516,-0.47099998593330383,97052.0,0.0,,,,,,,,,,,,,,,,,,,,,
75401,,,,,,,,,,,,,,,,,,,,,,,,,,,,,,,,,,,,0.0,0.0,0.0,0.0,,,,,,,,,,,
75401,,,,,,,,,,,,,,,,,,,,,,,,,,,,,,,,,,,,,,,,0.0,0.0,0.0,0.0,,,,,,,
76401,,,,,,,,,,,,,,,,,,,9.162854194641113,8.387314796447754,-0.10532016307115555,-15.52086353302002,0.0659734457731247,-0.10262536257505417,,,,,,,,,,,,,,,,,,,,,,,,,,
76401,,,,,,,,,,,,,,,,,,,,,,,,,,,,,,,,,,,,,,,,,,,,8.449151992797852,5.712986946105957,-15.961833953857422,-128.02220153808594,,,
76401,,,,,,,,,,,,,,,,,,,,,,,,,,,,,,0.0,0.0,0.0,0.0,0.0,0.0,,,,,,,,,,,,,,,
76401,,,,,,,,,,,,,,,,,,,,,,,,,-0.28949999809265137,-0.08699999749660492,-0.4050000011920929,97051.0,0.0,,,,,,,,,,,,,,,,,,,,,
76401,,,,,,,,,,,,,,,,,,,,,,,,,,,,,,,,,,,,0.0,0.0,0.0,0.0,,,,,,,,,,,
76401,,,,,,,,,,,,,,,,,,,,,,,,,,,,,,,,,,,,,,,,0.0,0.0,0.0,0.0,,,,,,,
77401,,,,,,,,,,,,,,,,,,,10.953296661376953,7.305389404296875,8.760722160339355,-15.523307800292969,0.06108652427792549,-0.16371189057826996,,,,,,,,,,,,,,,,,,,,,,,,,,
77401,,,,,,,,,,,,,,,,,,,,,,,,,,,,,,,,,,,,,,,,,,,,18.520122528076172,6.026886940002441,1.8101588487625122,-128.93321228027344,,,
77401,,,,,,,,,,,,,,,,,,,,,,,,,,,,,,0.0,0.0,0.0,0.0,0.0,0.0,,,,,,,,,,,,,,,
77401,,,,,,,,,,,,,,,,,,,,,,,,,-0.6330000162124634,0.10499999672174454,-0.5385000109672546,97053.0,0.0,,,,,,,,,,,,,,,,,,,,,
77401,,,,,,,,,,,,,,,,,,,,,,,,,,,,,,,,,,,,0.0,0.0,0.0,0.0,,,,,,,,,,,
77401,,,,,,,,,,,,,,,,,,,,,,,,,,,,,,,,,,,,,,,,0.0,0.0,0.0,0.0,,,,,,,
78401,,,,,,,,,,,,,,,,,,,10.235204696655273,6.960705280303955,8.588379859924316,-15.05660629272461,0.1319468915462494,-0.2125810980796814,,,,,,,,,,,,,,,,,,,,,,,,,,
78401,,,,,,,,,,,,,,,,,,,,,,,,,,,,,,,,,,,,,,,,,,,,9.124037742614746,15.616543769836426,10.709234237670898,-125.20606994628906,,,
78401,,,,,,,,,,,,,,,,,,,,,,,,,,,,,,0.0,0.0,0.0,0.0,0.0,0.0,,,,,,,,,,,,,,,
78401,,,,,,,,,,,,,,,,,,,,,,,,,0.3779999911785126,0.20100000500679016,-0.3345000147819519,97052.0,0.0,,,,,,,,,,,,,,,,,,,,,
78401,,,,,,,,,,,,,,,,,,,,,,,,,,,,,,,,,,,,0.0,0.0,0.0,0.0,,,,,,,,,,,
78401,,,,,,,,,,,,,,,,,,,,,,,,,,,,,,,,,,,,,,,,0.0,0.0,0.0,0.0,,,,,,,
79401,,,,,,,,,,,,,,,,,,,7.027727127075195,2.1925742626190186,4.117060661315918,-14.768278121948242,0.1368338167667389,-0.15882496535778046,,,,,,,,,,,,,,,,,,,,,,,,,,
79401,,,,,,,,,,,,,,,,,,,,,,,,,,,,,,,,,,,,,,,,,,,,5.25783109664917,-0.973091185092926,1.4334783554077148,-122.26849365234375,,,
79401,,,,,,,,,,,,,,,,,,,,,,,,,,,,,,0.0,0.0,0.0,0.0,0.0,0.0,,,,,,,,,,,,,,,
79401,,,,,,,,,,,,,,,,,,,,,,,,,-0.4544999897480011,0.12300000339746475,-0.5985000133514404,97055.0,0.0,,,,,,,,,,,,,,,,,,,,,
79401,,,,,,,,,,,,,,,,,,,,,,,,,,,,,,,,,,,,0.0,0.0,0.0,0.0,,,,,,,,,,,
79401,,,,,,,,,,,,,,,,,,,,,,,,,,,,,,,,,,,,,,,,0.0,0.0,0.0,0.0,,,,,,,
80401,,,,,,,,,,,,,,,,,,,11.355427742004395,9.833072662353516,4.461744785308838,-15.669915199279785,0.0659734457731247,-0.021991148591041565,,,,,,,,,,,,,,,,,,,,,,,,,,
80401,,,,,,,,,,,,,,,,,,,,,,,,,,,,,,,,,,,,,,,,,,,,9.08741569519043,5.728682041168213,7.130770206451416,-129.39596557617188,,,
80401,,,,,,,,,,,,,,,,,,,,,,,,,,,,,,0.0,0.0,0.0,0.0,0.0,0.0,,,,,,,,,,,,,,,
80401,,,,,,,,,,,,,,,,,,,,,,,,,-0.48899999260902405,-0.20999999344348907,-0.4410000145435333,97055.0,0.0,,,,,,,,,,,,,,,,,,,,,
80401,,,,,,,,,,,,,,,,,,,,,,,,,,,,,,,,,,,,0.0,0.0,0.0,0.0,,,,,,,,,,,
80401,,,,,,,,,,,,,,,,,,,,,,,,,,,,,,,,,,,,,,,,0.0,0.0,0.0,0.0,,,,,,,
81401,,,,,,,,,,,,,,,,,,,10.340524673461914,6.491551876068115,5.371328353881836,-15.650367736816406,-0.004886921960860491,-0.24678955972194672,,,,,,,,,,,,,,,,,,,,,,,,,,
81401,,,,,,,,,,,,,,,,,,,,,,,,,,,,,,,,,,,,,,,,,,,,16.61056137084961,13.644203186035156,-2.5373613834381104,-129.26898193359375,,,
81401,,,,,,,,,,,,,,,,,,,,,,,,,,,,,,0.0,0.0,0.0,0.0,0.0,0.0,,,,,,,,,,,,,,,
81401,,,,,,,,,,,,,,,,,,,,,,,,,-0.35100001096725464,0.050999999046325684,-0.5519999861717224,97049.0,0.0,,,,,,,,,,,,,,,,,,,,,
81401,,,,,,,,,,,,,,,,,,,,,,,,,,,,,,,,,,,,0.0,0.0,0.0,0.0,,,,,,,,,,,
81401,,,,,,,,,,,,,,,,,,,,,,,,,,,,,,,,,,,,,,,,0.0,0.0,0.0,0.0,,,,,,,
82401,,,,,,,,,,,,,,,,,,,10.014989852905273,6.242613315582275,3.7819511890411377,-14.716965675354004,0.02687807008624077,-0.19303341209888458,,,,,,,,,,,,,,,,,,,,,,,,,,
82401,,,,,,,,,,,,,,,,,,,,,,,,,,,,,,,,,,,,,,,,,,,,6.230922222137451,3.2854905128479004,-2.7100064754486084,-123.09386444091797,,,
82401,,,,,,,,,,,,,,,,,,,,,,,,,,,,,,0.0,0.0,0.0,0.0,0.0,0.0,,,,,,,,,,,,,,,
82401,,,,,,,,,,,,,,,,,,,,,,,,,-0.6389999985694885,-0.07800000160932541,-0.4740000069141388,97058.0,0.0,,,,,,,,,,,,,,,,,,,,,
82401,,,,,,,,,,,,,,,,,,,,,,,,,,,,,,,,,,,,0.0,0.0,0.0,0.0,,,,,,,,,,,
82401,,,,,,,,,,,,,,,,,,,,,,,,,,,,,,,,,,,,,,,,0.0,0.0,0.0,0.0,,,,,,,
83401,,,,,,,,,,,,,,,,,,,9.727752685546875,-0.1340438425540924,-0.09574560075998306,-0.0024434609804302454,-0.0024434609804302454,0.0,,,,,,,,,,,,,,,,,,,,,,,,,,
83401,,,,,,,,,,,,,,,,,,,,,,,,,,,,,,,,,,,,,,,,,,,,9.736143112182617,-0.4342288374900818,0.08370676636695862,-5.012282371520996,,,
83401,,,,,,,,,,,,,,,,,,,,,,,,,,,,,,0.0,0.0,0.0,0.0,0.0,0.0,,,,,,,,,,,,,,,
83401,,,,,,,,,,,,,,,,,,,,,,,,,0.4544999897480011,-0.027000000700354576,-0.31200000643730164,97058.0,0.0,,,,,,,,,,,,,,,,,,,,,
83401,,,,,,,,,,,,,,,,,,,,,,,,,,,,,,,,,,,,0.0,0.0,0.0,0.0,,,,,,,,,,,
83401,,,,,,,,,,,,,,,,,,,,,,,,,,,,,,,,,,,,,,,,0.0,0.0,0.0,0.0,,,,,,,
84401,,,,,,,,,,,,,,,,,,,9.737327575683594,-0.10532016307115555,-0.09574560075998306,-0.0024434609804302454,-0.004886921960860491,0.0,,,,,,,,,,,,,,,,,,,,,,,,,,
84401,,,,,,,,,,,,,,,,,,,,,,,,,,,,,,,,,,,,,,,,,,,,9.647204399108887,-0.5231673121452332,0.1569501906633377,-4.693981170654297,,,
84401,,,,,,,,,,,,,,,,,,,,,,,,,,,,,,0.0,0.0,0.0,0.0,0.0,0.0,,,,,,,,,,,,,,,
84401,,,,,,,,,,,,,,,,,,,,,,,,,-0.3089999854564667,0.025499999523162842,-0.453000009059906,97056.0,0.0,,,,,,,,,,,,,,,,,,,,,
84401,,,,,,,,,,,,,,,,,,,,,,,,,,,,,,,,,,,,0.0,0.0,0.0,0.0,,,,,,,,,,,
84401,,,,,,,,,,,,,,,,,,,,,,,,,,,,,,,,,,,,,,,,0.0,0.0,0.0,0.0,,,,,,,
85401,,,,,,,,,,,,,,,,,,,9.718178749084473,-0.1436184048652649,-0.09574560075998306,-0.0024434609804302454,-0.0024434609804302454,0.0,,,,,,,,,,,,,,,,,,,,,,,,,,
85401,,,,,,,,,,,,,,,,,,,,,,,,,,,,,,,,,,,,,,,,,,,,9.678594589233398,-0.4760822355747223,0.07847509533166885,-4.372271537780762,,,
85401,,,,,,,,,,,,,,,,,,,,,,,,,,,,,,0.0,0.0,0.0,0.0,0.0,0.0,,,,,,,,,,,,,,,
85401,,,,,,,,,,,,,,,,,,,,,,,,,-0.3059999942779541,0.02250000089406967,-0.44999998807907104,97062.0,0.0,,,,,,,,,,,,,,,,,,,,,
85401,,,,,,,,,,,,,,,,,,,,,,,,,,,,,,,,,,,,0.0,0.0,0.0,0.0,,,,,,,,,,,
85401,,,,,,,,,,,,,,,,,,,,,,,,,,,,,,,,,,,,,,,,0.0,0.0,0.0,0.0,,,,,,,
86401,,,,,,,,,,,,,,,,,,,9.708603858947754,8.349016189575195,4.050038814544678,16.955175399780273,-0.09529497474431992,0.10995574295520782,,,,,,,,,,,,,,,,,,,,,,,,,,
86401,,,,,,,,,,,,,,,,,,,,,,,,,,,,,,,,,,,,,,,,,,,,12.137480735778809,10.431955337524414,-5.294453144073486,130.68067932128906,,,
86401,,,,,,,,,,,,,,,,,,,,,,,,,,,,,,0.0,0.0,0.0,0.0,0.0,0.0,,,,,,,,,,,,,,,
86401,,,,,,,,,,,,,,,,,,,,,,,,,-0.6660000085830688,0.03150000050663948,-0.5220000147819519,97058.0,0.0,,,,,,,,,,,,,,,,,,,,,
86401,,,,,,,,,,,,,,,,,,,,,,,,,,,,,,,,,,,,0.0,0.0,0.0,0.0,,,,,,,,,,,
86401,,,,,,,,,,,,,,,,,,,,,,,,,,,,,,,,,,,,,,,,0.0,0.0,0.0,0.0,,,,,,,
87401,,,,,,,,,,,,,,,,,,,9.603283882141113,8.569231033325195,4.404297828674316,17.17020034790039,-0.021991148591041565,0.15882496535778046,,,,,,,,,,,,,,,,,,,,,,,,,,
87401,,,,,,,,,,,,,,,,,,,,,,,,,,,,,,,,,,,,,,,,,,,,12.62402629852295,9.851240158081055,-1.0044811964035034,131.6871337890625,,,
87401,,,,,,,,,,,,,,,,,,,,,,,,,,,,,,0.0,0.0,0.0,0.0,0.0,0.0,,,,,,,,,,,,,,,
87401,,,,,,,,,,,,,,,,,,,,,,,,,-0.453000009059906,-0.26249998807907104,-0.4020000100135803,97056.0,0.0,,,,,,,,,,,,,,,,,,,,,
87401,,,,,,,,,,,,,,,,,,,,,,,,,,,,,,,,,,,,0.0,0.0,0.0,0.0,,,,,,,,,,,
87401,,,,,,,,,,,,,,,,,,,,,,,,,,,,,,,,,,,,,,,,0.0,0.0,0.0,0.0,,,,,,,
88401,,,,,,,,,,,,,,,,,,,10.005414962768555,10.656485557556152,0.6510700583457947,17.11400032043457,-0.009773843921720982,0.1514945775270462,,,,,,,,,,,,,,,,,,,,,,,,,,
88401,,,,,,,,,,,,,,,,,,,,,,,,,,,,,,,,,,,,,,,,,,,,6.947661399841309,10.970817565917969,-0.24065695703029633,132.91134643554688,,,
88401,,,,,,,,,,,,,,,,,,,,,,,,,,,,,,0.0,0.0,0.0,0.0,0.0,0.0,,,,,,,,,,,,,,,
88401,,,,,,,,,,,,,,,,,,,,,,,,,0.414000004529953,0.05849999934434891,-0.23250000178813934,97053.0,0.0,,,,,,,,,,,,,,,,,,,,,
88401,,,,,,,,,,,,,,,,,,,,,,,,,,,,,,,,,,,,0.0,0.0,0.0,0.0,,,,,,,,,,,
88401,,,,,,,,,,,,,,,,,,,,,,,,,,,,,,,,,,,,,,,,0.0,0.0,0.0,0.0,,,,,,,
89401,,,,,,,,,,,,,,,,,,,9.095831871032715,7.123472690582275,4.806428909301758,17.023591995239258,-0.09040805697441101,0.17592918872833252,,,,,,,,,,,,,,,,,,,,,,,,,,
89401,,,,,,,,,,,,,,,,,,,,,,,,,,,,,,,,,,,,,,,,,,,,8.386371612548828,7.193550109863281,-1.3497716188430786,130.5332489013672,,,
89401,,,,,,,,,,,,,,,,,,,,,,,,,,,,,,0.0,0.0,0.0,0.0,0.0,0.0,,,,,,,,,,,,,,,
89401,,,,,,,,,,,,,,,,,,,,,,,,,-0.47699999809265137,0.1589999943971634,-0.5684999823570251,97062.0,0.0,,,,,,,,,,,,,,,,,,,,,
89401,,,,,,,,,,,,,,,,,,,,,,,,,,,,,,,,,,,,0.0,0.0,0.0,0.0,,,,,,,,,,,
89401,,,,,,,,,,,,,,,,,,,,,,,,,,,,,,,,,,,,,,,,0.0,0.0,0.0,0.0,,,,,,,
90401,,,,,,,,,,,,,,,,,,,9.354345321655273,7.171345233917236,6.577722549438477,17.324138641357422,-0.04153883457183838,0.17837265133857727,,,,,,,,,,,,,,,,,,,,,,,,,,
90401,,,,,,,,,,,,,,,,,,,,,,,,,,,,,,,,,,,,,,,,,,,,11.174853324890137,12.116554260253906,2.9349684715270996,132.5248565673828,,,
90401,,,,,,,,,,,,,,,,,,,,,,,,,,,,,,0.0,0.0,0.0,0.0,0.0,0.0,,,,,,,,,,,,,,,
90401,,,,,,,,,,,,,,,,,,,,,,,,,-0.6255000233650208,-0.019500000402331352,-0.445499986410141,97056.0,0.0,,,,,,,,,,,,,,,,,,,,,
90401,,,,,,,,,,,,,,,,,,,,,,,,,,,,,,,,,,,,0.0,0.0,0.0,0.0,,,,,,,,,,,
90401,,,,,,,,,,,,,,,,,,,,,,,,,,,,,,,,,,,,,,,,0.0,0.0,0.0,0.0,,,,,,,
91401,,,,,,,,,,,,,,,,,,,9.632007598876953,10.196906089782715,2.8819425106048584,17.324138641357422,-0.09285151958465576,0.08307766914367676,,,,,,,,,,,,,,,,,,,,,,,,,,
91401,,,,,,,,,,,,,,,,,,,,,,,,,,,,,,,,,,,,,,,,,,,,8.6322603225708,12.864683151245117,7.973069667816162,132.8780975341797,,,
91401,,,,,,,,,,,,,,,,,,,,,,,,,,,,,,0.0,0.0,0.0,0.0,0.0,0.0,,,,,,,,,,,,,,,
91401,,,,,,,,,,,,,,,,,,,,,,,,,-0.3240000009536743,-0.22050000727176666,-0.4020000100135803,97056.0,0.0,,,,,,,,,,,,,,,,,,,,,
91401,,,,,,,,,,,,,,,,,,,,,,,,,,,,,,,,,,,,0.0,0.0,0.0,0.0,,,,,,,,,,,
91401,,,,,,,,,,,,,,,,,,,,,,,,,,,,,,,,,,,,,,,,0.0,0.0,0.0,0.0,,,,,,,
92401,,,,,,,,,,,,,,,,,,,10.053288459777832,7.822415351867676,5.1606879234313965,17.09689712524414,-0.0757472887635231,0.0757472887635231,,,,,,,,,,,,,,,,,,,,,,,,,,
92401,,,,,,,,,,,,,,,,,,,,,,,,,,,,,,,,,,,,,,,,,,,,11.14869499206543,11.389351844787598,0.491777241230011,130.85879516601562,,,
92401,,,,,,,,,,,,,,,,,,,,,,,,,,,,,,0.0,0.0,0.0,0.0,0.0,0.0,,,,,,,,,,,,,,,
92401,,,,,,,,,,,,,,,,,,,,,,,,,0.5099999904632568,-0.04500000178813934,-0.37049999833106995,97063.0,0.0,,,,,,,,,,,,,,,,,,,,,
92401,,,,,,,,,,,,,,,,,,,,,,,,,,,,,,,,,,,,0.0,0.0,0.0,0.0,,,,,,,,,,,
92401,,,,,,,,,,,,,,,,,,,,,,,,,,,,,,,,,,,,,,,,0.0,0.0,0.0,0.0,,,,,,,
93401,,,,,,,,,,,,,,,,,,,10.790529251098633,8.913915634155273,5.945801734924316,17.21906852722168,-0.03420845419168472,0.1466076523065567,,,,,,,,,,,,,,,,,,,,,,,,,,
93401,,,,,,,,,,,,,,,,,,,,,,,,,,,,,,,,,,,,,,,,,,,,8.637492179870605,9.249597549438477,4.556787014007568,132.3893585205078,,,
93401,,,,,,,,,,,,,,,,,,,,,,,,,,,,,,0.0,0.0,0.0,0.0,0.0,0.0,,,,,,,,,,,,,,,
93401,,,,,,,,,,,,,,,,,,,,,,,,,0.5835000276565552,-0.16500000655651093,-0.5669999718666077,97059.0,0.0,,,,,,,,,,,,,,,,,,,,,
93401,,,,,,,,,,,,,,,,,,,,,,,,,,,,,,,,,,,,0.0,0.0,0.0,0.0,,,,,,,,,,,
93401,,,,,,,,,,,,,,,,,,,,,,,,,,,,,,,,,,,,,,,,0.0,0.0,0.0,0.0,,,,,,,
94401,,,,,,,,,,,,,,,,,,,9.746902465820312,9.670305252075195,2.700026035308838,17.052913665771484,-0.05375614017248154,0.1514945775270462,,,,,,,,,,,,,,,,,,,,,,,,,,
94401,,,,,,,,,,,,,,,,,,,,,,,,,,,,,,,,,,,,,,,,,,,,14.936426162719727,18.242843627929688,-5.011942386627197,131.31387329101562,,,
94401,,,,,,,,,,,,,,,,,,,,,,,,,,,,,,0.0,0.0,0.0,0.0,0.0,0.0,,,,,,,,,,,,,,,
94401,,,,,,,,,,,,,,,,,,,,,,,,,-0.6225000023841858,-0.17399999499320984,-0.42899999022483826,97058.0,0.0,,,,,,,,,,,,,,,,,,,,,
94401,,,,,,,,,,,,,,,,,,,,,,,,,,,,,,,,,,,,0.0,0.0,0.0,0.0,,,,,,,,,,,
94401,,,,,,,,,,,,,,,,,,,,,,,,,,,,,,,,,,,,,,,,0.0,0.0,0.0,0.0,,,,,,,
95401,,,,,,,,,,,,,,,,,,,9.555411338806152,7.851139068603516,5.514946460723877,17.101783752441406,-0.09529497474431992,0.16615533828735352,,,,,,,,,,,,,,,,,,,,,,,,,,
95401,,,,,,,,,,,,,,,,,,,,,,,,,,,,,,,,,,,,,,,,,,,,11.153926849365234,9.887862205505371,2.2234609127044678,131.5968017578125,,,
95401,,,,,,,,,,,,,,,,,,,,,,,,,,,,,,0.0,0.0,0.0,0.0,0.0,0.0,,,,,,,,,,,,,,,
95401,,,,,,,,,,,,,,,,,,,,,,,,,-0.2475000023841858,-0.17249999940395355,-0.3659999966621399,97056.0,0.0,,,,,,,,,,,,,,,,,,,,,
95401,,,,,,,,,,,,,,,,,,,,,,,,,,,,,,,,,,,,0.0,0.0,0.0,0.0,,,,,,,,,,,
95401,,,,,,,,,,,,,,,,,,,,,,,,,,,,,,,,,,,,,,,,0.0,0.0,0.0,0.0,,,,,,,
96401,,,,,,,,,,,,,,,,,,,9.124555587768555,10.436270713806152,0.9861797094345093,17.079792022705078,-0.08307766914367676,0.22479841113090515,,,,,,,,,,,,,,,,,,,,,,,,,,
96401,,,,,,,,,,,,,,,,,,,,,,,,,,,,,,,,,,,,,,,,,,,,6.581444263458252,4.650957107543945,4.666652202606201,132.44944763183594,,,
96401,,,,,,,,,,,,,,,,,,,,,,,,,,,,,,0.0,0.0,0.0,0.0,0.0,0.0,,,,,,,,,,,,,,,
96401,,,,,,,,,,,,,,,,,,,,,,,,,-0.34049999713897705,0.09000000357627869,-0.5565000176429749,97057.0,0.0,,,,,,,,,,,,,,,,,,,,,
96401,,,,,,,,,,,,,,,,,,,,,,,,,,,,,,,,,,,,0.0,0.0,0.0,0.0,,,,,,,,,,,
96401,,,,,,,,,,,,,,,,,,,,,,,,,,,,,,,,,,,,,,,,0.0,0.0,0.0,0.0,,,,,,,
97401,,,,,,,,,,,,,,,,,,,9.210726737976074,8.004332542419434,3.4659907817840576,17.052913665771484,-0.0757472887635231,0.11972958594560623,,,,,,,,,,,,,,,,,,,,,,,,,,
97401,,,,,,,,,,,,,,,,,,,,,,,,,,,,,,,,,,,,,,,,,,,,16.42222023010254,15.150924682617188,-6.675614356994629,131.5252227783203,,,
97401,,,,,,,,,,,,,,,,,,,,,,,,,,,,,,0.0,0.0,0.0,0.0,0.0,0.0,,,,,,,,,,,,,,,
97401,,,,,,,,,,,,,,,,,,,,,,,,,0.531000018119812,-0.14399999380111694,-0.6299999952316284,97060.0,0.0,,,,,,,,,,,,,,,,,,,,,
97401,,,,,,,,,,,,,,,,,,,,,,,,,,,,,,,,,,,,0.0,0.0,0.0,0.0,,,,,,,,,,,
97401,,,,,,,,,,,,,,,,,,,,,,,,,,,,,,,,,,,,,,,,0.0,0.0,0.0,0.0,,,,,,,
98401,,,,,,,,,,,,,,,,,,,9.344770431518555,7.8798627853393555,5.131964206695557,17.08956527709961,-0.014660765416920185,0.11484266817569733,,,,,,,,,,,,,,,,,,,,,,,,,,
98401,,,,,,,,,,,,,,,,,,,,,,,,,,,,,,,,,,,,,,,,,,,,9.019404411315918,10.19653034210205,0.973091185092926,131.65135192871094,,,
98401,,,,,,,,,,,,,,,,,,,,,,,,,,,,,,0.0,0.0,0.0,0.0,0.0,0.0,,,,,,,,,,,,,,,
98401,,,,,,,,,,,,,,,,,,,,,,,,,-0.4754999876022339,-0.226500004529953,-0.43950000405311584,97060.0,0.0,,,,,,,,,,,,,,,,,,,,,
98401,,,,,,,,,,,,,,,,,,,,,,,,,,,,,,,,,,,,0.0,0.0,0.0,0.0,,,,,,,,,,,
98401,,,,,,,,,,,,,,,,,,,,,,,,,,,,,,,,,,,,,,,,0.0,0.0,0.0,0.0,,,,,,,
99401,,,,,,,,,,,,,,,,,,,9.861796379089355,10.464994430541992,1.0532015562057495,17.17753028869629,0.036651913076639175,0.19547687470912933,,,,,,,,,,,,,,,,,,,,,,,,,,
99401,,,,,,,,,,,,,,,,,,,,,,,,,,,,,,,,,,,,,,,,,,,,8.710735321044922,12.508930206298828,8.035849571228027,131.85289001464844,,,
99401,,,,,,,,,,,,,,,,,,,,,,,,,,,,,,0.0,0.0,0.0,0.0,0.0,0.0,,,,,,,,,,,,,,,
99401,,,,,,,,,,,,,,,,,,,,,,,,,-0.32249999046325684,-0.0794999971985817,-0.4350000023841858,97061.0,0.0,,,,,,,,,,,,,,,,,,,,,
99401,,,,,,,,,,,,,,,,,,,,,,,,,,,,,,,,,,,,0.0,0.0,0.0,0.0,,,,,,,,,,,
99401,,,,,,,,,,,,,,,,,,,,,,,,,,,,,,,,,,,,,,,,0.0,0.0,0.0,0.0,,,,,,,
100401,,,,,,,,,,,,,,,,,,,9.928818702697754,8.569231033325195,4.327701091766357,17.030921936035156,-0.04642575979232788,0.1319468915462494,,,,,,,,,,,,,,,,,,,,,,,,,,
100401,,,,,,,,,,,,,,,,,,,,,,,,,,,,,,,,,,,,,,,,,,,,6.126288890838623,8.05677604675293,3.3901240825653076,130.44332885742188,,,
100401,,,,,,,,,,,,,,,,,,,,,,,,,,,,,,0.0,0.0,0.0,0.0,0.0,0.0,,,,,,,,,,,,,,,
100401,,,,,,,,,,,,,,,,,,,,,,,,,-0.4560000002384186,0.1574999988079071,-0.6029999852180481,97058.0,0.0,,,,,,,,,,,,,,,,,,,,,
100401,,,,,,,,,,,,,,,,,,,,,,,,,,,,,,,,,,,,0.0,0.0,0.0,0.0,,,,,,,,,,,
100401,,,,,,,,,,,,,,,,,,,,,,,,,,,,,,,,,,,,,,,,0.0,0.0,0.0,0.0,,,,,,,
101401,,,,,,,,,,,,,,,,,,,9.919243812561035,7.774542808532715,6.0415472984313965,17.231287002563477,-0.05375614017248154,0.1270599663257599,,,,,,,,,,,,,,,,,,,,,,,,,,
101401,,,,,,,,,,,,,,,,,,,,,,,,,,,,,,,,,,,,,,,,,,,,9.118805885314941,1.5276484489440918,4.096399784088135,132.24960327148438,,,
101401,,,,,,,,,,,,,,,,,,,,,,,,,,,,,,0.0,0.0,0.0,0.0,0.0,0.0,,,,,,,,,,,,,,,
101401,,,,,,,,,,,,,,,,,,,,,,,,,0.49050000309944153,0.007499999832361937,-0.6449999809265137,97057.0,0.0,,,,,,,,,,,,,,,,,,,,,
101401,,,,,,,,,,,,,,,,,,,,,,,,,,,,,,,,,,,,0.0,0.0,0.0,0.0,,,,,,,,,,,
101401,,,,,,,,,,,,,,,,,,,,,,,,,,,,,,,,,,,,,,,,0.0,0.0,0.0,0.0,,,,,,,
102401,,,,,,,,,,,,,,,,,,,9.995841026306152,8.684125900268555,3.4181180000305176,17.20196533203125,0.0,0.17104226350784302,,,,,,,,,,,,,,,,,,,,,,,,,,
102401,,,,,,,,,,,,,,,,,,,,,,,,,,,,,,,,,,,,,,,,,,,,6.733162879943848,15.156156539916992,-1.3026865720748901,130.9755401611328,,,
102401,,,,,,,,,,,,,,,,,,,,,,,,,,,,,,0.0,0.0,0.0,0.0,0.0,0.0,,,,,,,,,,,,,,,
102401,,,,,,,,,,,,,,,,,,,,,,,,,0.37950000166893005,0.23999999463558197,-0.3930000066757202,97058.0,0.0,,,,,,,,,,,,,,,,,,,,,
102401,,,,,,,,,,,,,,,,,,,,,,,,,,,,,,,,,,,,0.0,0.0,0.0,0.0,,,,,,,,,,,
102401,,,,,,,,,,,,,,,,,,,,,,,,,,,,,,,,,,,,,,,,0.0,0.0,0.0,0.0,,,,,,,
103401,,,,,,,,,,,,,,,,,,,9.354345321655273,8.004332542419434,5.323455333709717,17.131105422973633,-0.10751228034496307,0.11972958594560623,,,,,,,,,,,,,,,,,,,,,,,,,,
103401,,,,,,,,,,,,,,,,,,,,,,,,,,,,,,,,,,,,,,,,,,,,11.64570426940918,9.17635440826416,0.8422993421554565,131.7041778564453,,,
103401,,,,,,,,,,,,,,,,,,,,,,,,,,,,,,0.0,0.0,0.0,0.0,0.0,0.0,,,,,,,,,,,,,,,
103401,,,,,,,,,,,,,,,,,,,,,,,,,-0.24150000512599945,-0.019500000402331352,-0.4620000123977661,97060.0,0.0,,,,,,,,,,,,,,,,,,,,,
103401,,,,,,,,,,,,,,,,,,,,,,,,,,,,,,,,,,,,0.0,0.0,0.0,0.0,,,,,,,,,,,
103401,,,,,,,,,,,,,,,,,,,,,,,,,,,,,,,,,,,,,,,,0.0,0.0,0.0,0.0,,,,,,,
104401,,,,,,,,,,,,,,,,,,,9.727752685546875,8.933064460754395,4.672385215759277,17.16042709350586,-0.04886921867728233,0.16615533828735352,,,,,,,,,,,,,,,,,,,,,,,,,,
104401,,,,,,,,,,,,,,,,,,,,,,,,,,,,,,,,,,,,,,,,,,,,9.192049026489258,6.220458984375,1.0881879329681396,132.11708068847656,,,
104401,,,,,,,,,,,,,,,,,,,,,,,,,,,,,,0.0,0.0,0.0,0.0,0.0,0.0,,,,,,,,,,,,,,,
104401,,,,,,,,,,,,,,,,,,,,,,,,,-0.5145000219345093,0.19349999725818634,-0.5849999785423279,97061.0,0.0,,,,,,,,,,,,,,,,,,,,,
104401,,,,,,,,,,,,,,,,,,,,,,,,,,,,,,,,,,,,0.0,0.0,0.0,0.0,,,,,,,,,,,
104401,,,,,,,,,,,,,,,,,,,,,,,,,,,,,,,,,,,,,,,,0.0,0.0,0.0,0.0,,,,,,,
105401,,,,,,,,,,,,,,,,,,,10.120309829711914,11.049042701721191,1.704271674156189,17.109113693237305,-0.0073303827084600925,0.17104226350784302,,,,,,,,,,,,,,,,,,,,,,,,,,
105401,,,,,,,,,,,,,,,,,,,,,,,,,,,,,,,,,,,,,,,,,,,,12.21595573425293,10.672613143920898,-2.1973025798797607,132.01524353027344,,,
105401,,,,,,,,,,,,,,,,,,,,,,,,,,,,,,0.0,0.0,0.0,0.0,0.0,0.0,,,,,,,,,,,,,,,
105401,,,,,,,,,,,,,,,,,,,,,,,,,-0.6570000052452087,-0.027000000700354576,-0.4724999964237213,97062.0,0.0,,,,,,,,,,,,,,,,,,,,,
105401,,,,,,,,,,,,,,,,,,,,,,,,,,,,,,,,,,,,0.0,0.0,0.0,0.0,,,,,,,,,,,
105401,,,,,,,,,,,,,,,,,,,,,,,,,,,,,,,,,,,,,,,,0.0,0.0,0.0,0.0,,,,,,,
106401,,,,,,,,,,,,,,,,,,,9.641581535339355,8.167099952697754,4.231955528259277,17.013818740844727,-0.06841690838336945,0.16615533828735352,,,,,,,,,,,,,,,,,,,,,,,,,,
106401,,,,,,,,,,,,,,,,,,,,,,,,,,,,,,,,,,,,,,,,,,,,10.949891090393066,8.14571475982666,-1.6898303031921387,131.18092346191406,,,
106401,,,,,,,,,,,,,,,,,,,,,,,,,,,,,,0.0,0.0,0.0,0.0,0.0,0.0,,,,,,,,,,,,,,,
106401,,,,,,,,,,,,,,,,,,,,,,,,,0.40950000286102295,0.2370000034570694,-0.34950000047683716,97058.0,0.0,,,,,,,,,,,,,,,,,,,,,
106401,,,,,,,,,,,,,,,,,,,,,,,,,,,,,,,,,,,,0.0,0.0,0.0,0.0,,,,,,,,,,,
106401,,,,,,,,,,,,,,,,,,,,,,,,,,,,,,,,,,,,,,,,0.0,0.0,0.0,0.0,,,,,,,
107401,,,,,,,,,,,,,,,,,,,8.712849617004395,6.740490436553955,5.869205474853516,17.255722045898438,-0.06108652427792549,0.17837265133857727,,,,,,,,,,,,,,,,,,,,,,,,,,
107401,,,,,,,,,,,,,,,,,,,,,,,,,,,,,,,,,,,,,,,,,,,,7.45513391494751,5.917022228240967,2.59490966796875,132.5862274169922,,,
107401,,,,,,,,,,,,,,,,,,,,,,,,,,,,,,0.0,0.0,0.0,0.0,0.0,0.0,,,,,,,,,,,,,,,
107401,,,,,,,,,,,,,,,,,,,,,,,,,-0.36149999499320984,0.07649999856948853,-0.515999972820282,97061.0,0.0,,,,,,,,,,,,,,,,,,,,,
107401,,,,,,,,,,,,,,,,,,,,,,,,,,,,,,,,,,,,0.0,0.0,0.0,0.0,,,,,,,,,,,
107401,,,,,,,,,,,,,,,,,,,,,,,,,,,,,,,,,,,,,,,,0.0,0.0,0.0,0.0,,,,,,,
108401,,,,,,,,,,,,,,,,,,,9.900094985961914,-0.2010657638311386,1.2925655841827393,3.215594530105591,0.004886921960860491,0.01710422709584236,,,,,,,,,,,,,,,,,,,,,,,,,,
108401,,,,,,,,,,,,,,,,,,,,,,,,,,,,,,,,,,,,,,,,,,,,9.746606826782227,-0.09417010843753815,0.8527626991271973,20.956308364868164,,,
108401,,,,,,,,,,,,,,,,,,,,,,,,,,,,,,0.0,0.0,0.0,0.0,0.0,0.0,,,,,,,,,,,,,,,
108401,,,,,,,,,,,,,,,,,,,,,,,,,-0.43050000071525574,-0.2639999985694885,-0.414000004529953,97065.0,0.0,,,,,,,,,,,,,,,,,,,,,
108401,,,,,,,,,,,,,,,,,,,,,,,,,,,,,,,,,,,,0.0,0.0,0.0,0.0,,,,,,,,,,,
108401,,,,,,,,,,,,,,,,,,,,,,,,,,,,,,,,,,,,,,,,0.0,0.0,0.0,0.0,,,,,,,
109401,,,,,,,,,,,,,,,,,,,9.517112731933594,0.0,-0.019149120897054672,-0.004886921960860491,-0.012217304669320583,0.004886921960860491,,,,,,,,,,,,,,,,,,,,,,,,,,
109401,,,,,,,,,,,,,,,,,,,,,,,,,,,,,,,,,,,,,,,,,,,,9.626277923583984,-0.3452904224395752,0.1307918280363083,-4.122573375701904,,,
109401,,,,,,,,,,,,,,,,,,,,,,,,,,,,,,0.0,0.0,0.0,0.0,0.0,0.0,,,,,,,,,,,,,,,
109401,,,,,,,,,,,,,,,,,,,,,,,,,-0.47699999809265137,-0.20250000059604645,-0.43050000071525574,97066.0,0.0,,,,,,,,,,,,,,,,,,,,,
109401,,,,,,,,,,,,,,,,,,,,,,,,,,,,,,,,,,,,0.0,0.0,0.0,0.0,,,,,,,,,,,
109401,,,,,,,,,,,,,,,,,,,,,,,,,,,,,,,,,,,,,,,,0.0,0.0,0.0,0.0,,,,,,,
110401,,,,,,,,,,,,,,,,,,,9.746902465820312,0.0670219212770462,0.019149120897054672,-0.0024434609804302454,-0.004886921960860491,0.0,,,,,,,,,,,,,,,,,,,,,,,,,,
110401,,,,,,,,,,,,,,,,,,,,,,,,,,,,,,,,,,,,,,,,,,,,9.72044849395752,-0.29820534586906433,0.2301936000585556,-4.777924060821533,,,
110401,,,,,,,,,,,,,,,,,,,,,,,,,,,,,,0.0,0.0,0.0,0.0,0.0,0.0,,,,,,,,,,,,,,,
110401,,,,,,,,,,,,,,,,,,,,,,,,,0.42149999737739563,0.20250000059604645,-0.4830000102519989,97063.0,0.0,,,,,,,,,,,,,,,,,,,,,
110401,,,,,,,,,,,,,,,,,,,,,,,,,,,,,,,,,,,,0.0,0.0,0.0,0.0,,,,,,,,,,,
110401,,,,,,,,,,,,,,,,,,,,,,,,,,,,,,,,,,,,,,,,0.0,0.0,0.0,0.0,,,,,,,
111401,,,,,,,,,,,,,,,,,,,9.756476402282715,0.0670219212770462,0.019149120897054672,-0.0024434609804302454,-0.004886921960860491,0.0,,,,,,,,,,,,,,,,,,,,,,,,,,
111401,,,,,,,,,,,,,,,,,,,,,,,,,,,,,,,,,,,,,,,,,,,,9.70998477935791,-0.2772786617279053,0.19880357384681702,-5.4469099044799805,,,
111401,,,,,,,,,,,,,,,,,,,,,,,,,,,,,,0.0,0.0,0.0,0.0,0.0,0.0,,,,,,,,,,,,,,,
111401,,,,,,,,,,,,,,,,,,,,,,,,,0.0,0.0,0.0,97072.0,0.0,,,,,,,,,,,,,,,,,,,,,
111401,,,,,,,,,,,,,,,,,,,,,,,,,,,,,,,,,,,,0.0,0.0,0.0,0.0,,,,,,,,,,,
111401,,,,,,,,,,,,,,,,,,,,,,,,,,,,,,,,,,,,,,,,0.0,0.0,0.0,0.0,,,,,,,
112401,,,,,,,,,,,,,,,,,,,9.727752685546875,0.02872367948293686,0.02872367948293686,-0.0024434609804302454,-0.004886921960860491,0.0024434609804302454,,,,,,,,,,,,,,,,,,,,,,,,,,
112401,,,,,,,,,,,,,,,,,,,,,,,,,,,,,,,,,,,,,,,,,,,,9.725680351257324,-0.3348270654678345,0.23542527854442596,-5.149914264678955,,,
112401,,,,,,,,,,,,,,,,,,,,,,,,,,,,,,0.0,0.0,0.0,0.0,0.0,0.0,,,,,,,,,,,,,,,
112401,,,,,,,,,,,,,,,,,,,,,,,,,-0.4724999964237213,-0.20399999618530273,-0.42899999022483826,97069.0,0.0,,,,,,,,,,,,,,,,,,,,,
112401,,,,,,,,,,,,,,,,,,,,,,,,,,,,,,,,,,,,0.0,0.0,0.0,0.0,,,,,,,,,,,
112401,,,,,,,,,,,,,,,,,,,,,,,,,,,,,,,,,,,,,,,,0.0,0.0,0.0,0.0,,,,,,,
113401,,,,,,,,,,,,,,,,,,,9.737327575683594,0.05744735896587372,0.038298241794109344,-0.0024434609804302454,-0.0073303827084600925,0.0024434609804302454,,,,,,,,,,,,,,,,,,,,,,,,,,
113401,,,,,,,,,,,,,,,,,,,,,,,,,,,,,,,,,,,,,,,,,,,,9.6628999710083,-0.35575374960899353,0.2772786617279053,-4.659892559051514,,,
113401,,,,,,,,,,,,,,,,,,,,,,,,,,,,,,0.0,0.0,0.0,0.0,0.0,0.0,,,,,,,,,,,,,,,
113401,,,,,,,,,,,,,,,,,,,,,,,,,-0.4754999876022339,-0.1979999989271164,-0.4244999885559082,97073.0,0.0,,,,,,,,,,,,,,,,,,,,,
113401,,,,,,,,,,,,,,,,,,,,,,,,,,,,,,,,,,,,0.0,0.0,0.0,0.0,,,,,,,,,,,
113401,,,,,,,,,,,,,,,,,,,,,,,,,,,,,,,,,,,,,,,,0.0,0.0,0.0,0.0,,,,,,,
114401,,,,,,,,,,,,,,,,,,,9.737327575683594,0.04787280037999153,0.05744735896587372,-0.0024434609804302454,-0.004886921960860491,0.0,,,,,,,,,,,,,,,,,,,,,,,,,,
114401,,,,,,,,,,,,,,,,,,,,,,,,,,,,,,,,,,,,,,,,,,,,9.715216636657715,-0.287742018699646,0.23542527854442596,-4.965836524963379,,,
114401,,,,,,,,,,,,,,,,,,,,,,,,,,,,,,0.0,0.0,0.0,0.0,0.0,0.0,,,,,,,,,,,,,,,
114401,,,,,,,,,,,,,,,,,,,,,,,,,-0.47999998927116394,-0.19949999451637268,-0.42899999022483826,97069.0,0.0,,,,,,,,,,,,,,,,,,,,,
114401,,,,,,,,,,,,,,,,,,,,,,,,,,,,,,,,,,,,0.0,0.0,0.0,0.0,,,,,,,,,,,
114401,,,,,,,,,,,,,,,,,,,,,,,,,,,,,,,,,,,,,,,,0.0,0.0,0.0,0.0,,,,,,,
115401,,,,,,,,,,,,,,,,,,,9.746902465820312,0.05744735896587372,0.02872367948293686,-0.0024434609804302454,-0.004886921960860491,0.0,,,,,,,,,,,,,,,,,,,,,,,,,,
115401,,,,,,,,,,,,,,,,,,,,,,,,,,,,,,,,,,,,,,,,,,,,9.72044849395752,-0.23542527854442596,0.20403523743152618,-5.486964225769043,,,
115401,,,,,,,,,,,,,,,,,,,,,,,,,,,,,,0.0,0.0,0.0,0.0,0.0,0.0,,,,,,,,,,,,,,,
115401,,,,,,,,,,,,,,,,,,,,,,,,,0.4230000078678131,0.20399999618530273,-0.4740000069141388,97070.0,0.0,,,,,,,,,,,,,,,,,,,,,
115401,,,,,,,,,,,,,,,,,,,,,,,,,,,,,,,,,,,,0.0,0.0,0.0,0.0,,,,,,,,,,,
115401,,,,,,,,,,,,,,,,,,,,,,,,,,,,,,,,,,,,,,,,0.0,0.0,0.0,0.0,,,,,,,
116401,,,,,,,,,,,,,,,,,,,9.727752685546875,0.04787280037999153,0.038298241794109344,-0.0024434609804302454,-0.004886921960860491,0.0024434609804302454,,,,,,,,,,,,,,,,,,,,,,,,,,
116401,,,,,,,,,,,,,,,,,,,,,,,,,,,,,,,,,,,,,,,,,,,,9.631509780883789,-0.35052207112312317,0.25112029910087585,-4.987142086029053,,,
116401,,,,,,,,,,,,,,,,,,,,,,,,,,,,,,0.0,0.0,0.0,0.0,0.0,0.0,,,,,,,,,,,,,,,
116401,,,,,,,,,,,,,,,,,,,,,,,,,-0.47850000858306885,-0.20399999618530273,-0.4259999990463257,97076.0,0.0,,,,,,,,,,,,,,,,,,,,,
116401,,,,,,,,,,,,,,,,,,,,,,,,,,,,,,,,,,,,0.0,0.0,0.0,0.0,,,,,,,,,,,
116401,,,,,,,,,,,,,,,,,,,,,,,,,,,,,,,,,,,,,,,,0.0,0.0,0.0,0.0,,,,,,,
117401,,,,,,,,,,,,,,,,,,,9.737327575683594,0.0670219212770462,0.038298241794109344,-0.0024434609804302454,-0.004886921960860491,0.0,,,,,,,,,,,,,,,,,,,,,,,,,,
117401,,,,,,,,,,,,,,,,,,,,,,,,,,,,,,,,,,,,,,,,,,,,9.673362731933594,-0.2720469832420349,0.2615836560726166,-5.5530104637146,,,
117401,,,,,,,,,,,,,,,,,,,,,,,,,,,,,,0.0,0.0,0.0,0.0,0.0,0.0,,,,,,,,,,,,,,,
117401,,,,,,,,,,,,,,,,,,,,,,,,,-0.4830000102519989,-0.19949999451637268,-0.4334999918937683,97073.0,0.0,,,,,,,,,,,,,,,,,,,,,
117401,,,,,,,,,,,,,,,,,,,,,,,,,,,,,,,,,,,,0.0,0.0,0.0,0.0,,,,,,,,,,,
117401,,,,,,,,,,,,,,,,,,,,,,,,,,,,,,,,,,,,,,,,0.0,0.0,0.0,0.0,,,,,,,
118401,,,,,,,,,,,,,,,,,,,9.746902465820312,0.0670219212770462,0.02872367948293686,-0.0024434609804302454,-0.004886921960860491,0.0,,,,,,,,,,,,,,,,,,,,,,,,,,
118401,,,,,,,,,,,,,,,,,,,,,,,,,,,,,,,,,,,,,,,,,,,,9.70998477935791,-0.28251034021377563,0.25112029910087585,-5.111138820648193,,,
118401,,,,,,,,,,,,,,,,,,,,,,,,,,,,,,0.0,0.0,0.0,0.0,0.0,0.0,,,,,,,,,,,,,,,
118401,,,,,,,,,,,,,,,,,,,,,,,,,-0.4814999997615814,-0.20550000667572021,-0.4244999885559082,97073.0,0.0,,,,,,,,,,,,,,,,,,,,,
118401,,,,,,,,,,,,,,,,,,,,,,,,,,,,,,,,,,,,0.0,0.0,0.0,0.0,,,,,,,,,,,
118401,,,,,,,,,,,,,,,,,,,,,,,,,,,,,,,,,,,,,,,,0.0,0.0,0.0,0.0,,,,,,,
119401,,,,,,,,,,,,,,,,,,,9.746902465820312,0.08617103844881058,0.0670219212770462,-0.0024434609804302454,-0.0073303827084600925,0.0024434609804302454,,,,,,,,,,,,,,,,,,,,,,,,,,
119401,,,,,,,,,,,,,,,,,,,,,,,,,,,,,,,,,,,,,,,,,,,,9.678594589233398,-0.22496193647384644,0.3139003813266754,-5.301608085632324,,,
119401,,,,,,,,,,,,,,,,,,,,,,,,,,,,,,0.0,0.0,0.0,0.0,0.0,0.0,,,,,,,,,,,,,,,
119401,,,,,,,,,,,,,,,,,,,,,,,,,-0.4754999876022339,-0.19949999451637268,-0.43050000071525574,97076.0,0.0,,,,,,,,,,,,,,,,,,,,,
119401,,,,,,,,,,,,,,,,,,,,,,,,,,,,,,,,,,,,0.0,0.0,0.0,0.0,,,,,,,,,,,
119401,,,,,,,,,,,,,,,,,,,,,,,,,,,,,,,,,,,,,,,,0.0,0.0,0.0,0.0,,,,,,,
120401,,,,,,,,,,,,,,,,,,,9.718178749084473,0.04787280037999153,0.04787280037999153,-0.0024434609804302454,-0.004886921960860491,0.0,,,,,,,,,,,,,,,,,,,,,,,,,,
120401,,,,,,,,,,,,,,,,,,,,,,,,,,,,,,,,,,,,,,,,,,,,9.652436256408691,-0.3348270654678345,0.2563519775867462,-4.762157917022705,,,
120401,,,,,,,,,,,,,,,,,,,,,,,,,,,,,,0.0,0.0,0.0,0.0,0.0,0.0,,,,,,,,,,,,,,,
120401,,,,,,,,,,,,,,,,,,,,,,,,,0.42899999022483826,0.20250000059604645,-0.46950000524520874,97077.0,0.0,,,,,,,,,,,,,,,,,,,,,
120401,,,,,,,,,,,,,,,,,,,,,,,,,,,,,,,,,,,,0.0,0.0,0.0,0.0,,,,,,,,,,,
120401,,,,,,,,,,,,,,,,,,,,,,,,,,,,,,,,,,,,,,,,0.0,0.0,0.0,0.0,,,,,,,
121401,,,,,,,,,,,,,,,,,,,9.737327575683594,0.05744735896587372,0.04787280037999153,-0.0024434609804302454,-0.004886921960860491,0.0,,,,,,,,,,,,,,,,,,,,,,,,,,
121401,,,,,,,,,,,,,,,,,,,,,,,,,,,,,,,,,,,,,,,,,,,,9.647204399108887,-0.3295953869819641,0.2772786617279053,-4.656909942626953,,,
121401,,,,,,,,,,,,,,,,,,,,,,,,,,,,,,0.0,0.0,0.0,0.0,0.0,0.0,,,,,,,,,,,,,,,
121401,,,,,,,,,,,,,,,,,,,,,,,,,-0.47850000858306885,-0.19949999451637268,-0.43650001287460327,97077.0,0.0,,,,,,,,,,,,,,,,,,,,,
121401,,,,,,,,,,,,,,,,,,,,,,,,,,,,,,,,,,,,0.0,0.0,0.0,0.0,,,,,,,,,,,
121401,,,,,,,,,,,,,,,,,,,,,,,,,,,,,,,,,,,,,,,,0.0,0.0,0.0,0.0,,,,,,,
122401,,,,,,,,,,,,,,,,,,,9.727752685546875,0.04787280037999153,0.02872367948293686,-0.0024434609804302454,-0.004886921960860491,0.0024434609804302454,,,,,,,,,,,,,,,,,,,,,,,,,,
122401,,,,,,,,,,,,,,,,,,,,,,,,,,,,,,,,,,,,,,,,,,,,9.652436256408691,-0.30866870284080505,0.28251034021377563,-4.41062068939209,,,
122401,,,,,,,,,,,,,,,,,,,,,,,,,,,,,,0.0,0.0,0.0,0.0,0.0,0.0,,,,,,,,,,,,,,,
122401,,,,,,,,,,,,,,,,,,,,,,,,,-0.47999998927116394,-0.19200000166893005,-0.4244999885559082,97071.0,0.0,,,,,,,,,,,,,,,,,,,,,
122401,,,,,,,,,,,,,,,,,,,,,,,,,,,,,,,,,,,,0.0,0.0,0.0,0.0,,,,,,,,,,,
122401,,,,,,,,,,,,,,,,,,,,,,,,,,,,,,,,,,,,,,,,0.0,0.0,0.0,0.0,,,,,,,
123401,,,,,,,,,,,,,,,,,,,9.718178749084473,0.04787280037999153,0.019149120897054672,-0.0024434609804302454,-0.0073303827084600925,0.0,,,,,,,,,,,,,,,,,,,,,,,,,,
123401,,,,,,,,,,,,,,,,,,,,,,,,,,,,,,,,,,,,,,,,,,,,9.678594589233398,-0.3191320598125458,0.2301936000585556,-5.303738594055176,,,
123401,,,,,,,,,,,,,,,,,,,,,,,,,,,,,,0.0,0.0,0.0,0.0,0.0,0.0,,,,,,,,,,,,,,,
123401,,,,,,,,,,,,,,,,,,,,,,,,,-0.4724999964237213,-0.1979999989271164,-0.4259999990463257,97073.0,0.0,,,,,,,,,,,,,,,,,,,,,
123401,,,,,,,,,,,,,,,,,,,,,,,,,,,,,,,,,,,,0.0,0.0,0.0,0.0,,,,,,,,,,,
123401,,,,,,,,,,,,,,,,,,,,,,,,,,,,,,,,,,,,,,,,0.0,0.0,0.0,0.0,,,,,,,
124401,,,,,,,,,,,,,,,,,,,9.727752685546875,0.04787280037999153,0.02872367948293686,-0.0024434609804302454,-0.0024434609804302454,0.0,,,,,,,,,,,,,,,,,,,,,,,,,,
124401,,,,,,,,,,,,,,,,,,,,,,,,,,,,,,,,,,,,,,,,,,,,9.647204399108887,-0.287742018699646,0.2720469832420349,-4.867832183837891,,,
124401,,,,,,,,,,,,,,,,,,,,,,,,,,,,,,0.0,0.0,0.0,0.0,0.0,0.0,,,,,,,,,,,,,,,
124401,,,,,,,,,,,,,,,,,,,,,,,,,0.4259999990463257,0.20250000059604645,-0.4724999964237213,97079.0,0.0,,,,,,,,,,,,,,,,,,,,,
124401,,,,,,,,,,,,,,,,,,,,,,,,,,,,,,,,,,,,0.0,0.0,0.0,0.0,,,,,,,,,,,
124401,,,,,,,,,,,,,,,,,,,,,,,,,,,,,,,,,,,,,,,,0.0,0.0,0.0,0.0,,,,,,,
125401,,,,,,,,,,,,,,,,,,,9.737327575683594,0.04787280037999153,0.038298241794109344,-0.0024434609804302454,-0.004886921960860491,0.0,,,,,,,,,,,,,,,,,,,,,,,,,,
125401,,,,,,,,,,,,,,,,,,,,,,,,,,,,,,,,,,,,,,,,,,,,9.647204399108887,-0.3295953869819641,0.2563519775867462,-5.05617094039917,,,
125401,,,,,,,,,,,,,,,,,,,,,,,,,,,,,,0.0,0.0,0.0,0.0,0.0,0.0,,,,,,,,,,,,,,,
125401,,,,,,,,,,,,,,,,,,,,,,,,,-0.47850000858306885,-0.1965000033378601,-0.4320000112056732,97083.0,0.0,,,,,,,,,,,,,,,,,,,,,
125401,,,,,,,,,,,,,,,,,,,,,,,,,,,,,,,,,,,,0.0,0.0,0.0,0.0,,,,,,,,,,,
125401,,,,,,,,,,,,,,,,,,,,,,,,,,,,,,,,,,,,,,,,0.0,0.0,0.0,0.0,,,,,,,
126401,,,,,,,,,,,,,,,,,,,9.737327575683594,0.05744735896587372,0.02872367948293686,-0.0024434609804302454,-0.004886921960860491,0.0,,,,,,,,,,,,,,,,,,,,,,,,,,
126401,,,,,,,,,,,,,,,,,,,,,,,,,,,,,,,,,,,,,,,,,,,,9.647204399108887,-0.30866870284080505,0.2563519775867462,-4.055248737335205,,,
126401,,,,,,,,,,,,,,,,,,,,,,,,,,,,,,0.0,0.0,0.0,0.0,0.0,0.0,,,,,,,,,,,,,,,
126401,,,,,,,,,,,,,,,,,,,,,,,,,-0.47699999809265137,-0.2070000022649765,-0.42149999737739563,97079.0,0.0,,,,,,,,,,,,,,,,,,,,,
126401,,,,,,,,,,,,,,,,,,,,,,,,,,,,,,,,,,,,0.0,0.0,0.0,0.0,,,,,,,,,,,
126401,,,,,,,,,,,,,,,,,,,,,,,,,,,,,,,,,,,,,,,,0.0,0.0,0.0,0.0,,,,,,,
127401,,,,,,,,,,,,,,,,,,,9.746902465820312,0.02872367948293686,0.038298241794109344,-0.0024434609804302454,-0.004886921960860491,0.0,,,,,,,,,,,,,,,,,,,,,,,,,,
127401,,,,,,,,,,,,,,,,,,,,,,,,,,,,,,,,,,,,,,,,,,,,9.694290161132812,-0.35052207112312317,0.2301936000585556,-5.538096904754639,,,
127401,,,,,,,,,,,,,,,,,,,,,,,,,,,,,,0.0,0.0,0.0,0.0,0.0,0.0,,,,,,,,,,,,,,,
127401,,,,,,,,,,,,,,,,,,,,,,,,,-0.47999998927116394,-0.1979999989271164,-0.4244999885559082,97073.0,0.0,,,,,,,,,,,,,,,,,,,,,
127401,,,,,,,,,,,,,,,,,,,,,,,,,,,,,,,,,,,,0.0,0.0,0.0,0.0,,,,,,,,,,,
127401,,,,,,,,,,,,,,,,,,,,,,,,,,,,,,,,,,,,,,,,0.0,0.0,0.0,0.0,,,,,,,
128401,,,,,,,,,,,,,,,,,,,9.737327575683594,0.038298241794109344,0.019149120897054672,-0.0024434609804302454,-0.004886921960860491,0.0024434609804302454,,,,,,,,,,,,,,,,,,,,,,,,,,
128401,,,,,,,,,,,,,,,,,,,,,,,,,,,,,,,,,,,,,,,,,,,,9.6628999710083,-0.3295953869819641,0.2458886206150055,-4.839709281921387,,,
128401,,,,,,,,,,,,,,,,,,,,,,,,,,,,,,0.0,0.0,0.0,0.0,0.0,0.0,,,,,,,,,,,,,,,
128401,,,,,,,,,,,,,,,,,,,,,,,,,-0.47850000858306885,-0.1965000033378601,-0.43050000071525574,97076.0,0.0,,,,,,,,,,,,,,,,,,,,,
128401,,,,,,,,,,,,,,,,,,,,,,,,,,,,,,,,,,,,0.0,0.0,0.0,0.0,,,,,,,,,,,
128401,,,,,,,,,,,,,,,,,,,,,,,,,,,,,,,,,,,,,,,,0.0,0.0,0.0,0.0,,,,,,,
129401,,,,,,,,,,,,,,,,,,,9.756476402282715,0.04787280037999153,0.0670219212770462,-0.0024434609804302454,-0.0073303827084600925,0.0024434609804302454,,,,,,,,,,,,,,,,,,,,,,,,,,
129401,,,,,,,,,,,,,,,,,,,,,,,,,,,,,,,,,,,,,,,,,,,,9.6995210647583,-0.3348270654678345,0.2458886206150055,-5.2504754066467285,,,
129401,,,,,,,,,,,,,,,,,,,,,,,,,,,,,,0.0,0.0,0.0,0.0,0.0,0.0,,,,,,,,,,,,,,,
129401,,,,,,,,,,,,,,,,,,,,,,,,,0.42750000953674316,0.20100000500679016,-0.46799999475479126,97078.0,0.0,,,,,,,,,,,,,,,,,,,,,
129401,,,,,,,,,,,,,,,,,,,,,,,,,,,,,,,,,,,,0.0,0.0,0.0,0.0,,,,,,,,,,,
129401,,,,,,,,,,,,,,,,,,,,,,,,,,,,,,,,,,,,,,,,0.0,0.0,0.0,0.0,,,,,,,
130401,,,,,,,,,,,,,,,,,,,9.756476402282715,0.04787280037999153,0.02872367948293686,-0.0024434609804302454,-0.004886921960860491,0.0024434609804302454,,,,,,,,,,,,,,,,,,,,,,,,,,
130401,,,,,,,,,,,,,,,,,,,,,,,,,,,,,,,,,,,,,,,,,,,,9.689058303833008,-0.3191320598125458,0.20403523743152618,-5.6978864669799805,,,
130401,,,,,,,,,,,,,,,,,,,,,,,,,,,,,,0.0,0.0,0.0,0.0,0.0,0.0,,,,,,,,,,,,,,,
130401,,,,,,,,,,,,,,,,,,,,,,,,,-0.4830000102519989,-0.20250000059604645,-0.43050000071525574,97077.0,0.0,,,,,,,,,,,,,,,,,,,,,
130401,,,,,,,,,,,,,,,,,,,,,,,,,,,,,,,,,,,,0.0,0.0,0.0,0.0,,,,,,,,,,,
130401,,,,,,,,,,,,,,,,,,,,,,,,,,,,,,,,,,,,,,,,0.0,0.0,0.0,0.0,,,,,,,
131401,,,,,,,,,,,,,,,,,,,9.718178749084473,0.0670219212770462,0.07659648358821869,-0.0024434609804302454,-0.004886921960860491,0.0,,,,,,,,,,,,,,,,,,,,,,,,,,
131401,,,,,,,,,,,,,,,,,,,,,,,,,,,,,,,,,,,,,,,,,,,,9.6995210647583,-0.28251034021377563,0.2458886206150055,-3.8724491596221924,,,
131401,,,,,,,,,,,,,,,,,,,,,,,,,,,,,,0.0,0.0,0.0,0.0,0.0,0.0,,,,,,,,,,,,,,,
131401,,,,,,,,,,,,,,,,,,,,,,,,,-0.47699999809265137,-0.20550000667572021,-0.43050000071525574,97077.0,0.0,,,,,,,,,,,,,,,,,,,,,
131401,,,,,,,,,,,,,,,,,,,,,,,,,,,,,,,,,,,,0.0,0.0,0.0,0.0,,,,,,,,,,,
131401,,,,,,,,,,,,,,,,,,,,,,,,,,,,,,,,,,,,,,,,0.0,0.0,0.0,0.0,,,,,,,
132401,,,,,,,,,,,,,,,,,,,9.756476402282715,0.09574560075998306,0.038298241794109344,-0.0024434609804302454,-0.0024434609804302454,0.0,,,,,,,,,,,,,,,,,,,,,,,,,,
132401,,,,,,,,,,,,,,,,,,,,,,,,,,,,,,,,,,,,,,,,,,,,9.678594589233398,-0.29297366738319397,0.24065695703029633,-4.212481498718262,,,
132401,,,,,,,,,,,,,,,,,,,,,,,,,,,,,,0.0,0.0,0.0,0.0,0.0,0.0,,,,,,,,,,,,,,,
132401,,,,,,,,,,,,,,,,,,,,,,,,,-0.4724999964237213,-0.20250000059604645,-0.4244999885559082,97080.0,0.0,,,,,,,,,,,,,,,,,,,,,
132401,,,,,,,,,,,,,,,,,,,,,,,,,,,,,,,,,,,,0.0,0.0,0.0,0.0,,,,,,,,,,,
132401,,,,,,,,,,,,,,,,,,,,,,,,,,,,,,,,,,,,,,,,0.0,0.0,0.0,0.0,,,,,,,
133401,,,,,,,,,,,,,,,,,,,9.737327575683594,0.05744735896587372,0.05744735896587372,-0.0024434609804302454,-0.0073303827084600925,0.0,,,,,,,,,,,,,,,,,,,,,,,,,,
133401,,,,,,,,,,,,,,,,,,,,,,,,,,,,,,,,,,,,,,,,,,,,9.647204399108887,-0.30866870284080505,0.28251034021377563,-4.502233505249023,,,
133401,,,,,,,,,,,,,,,,,,,,,,,,,,,,,,0.0,0.0,0.0,0.0,0.0,0.0,,,,,,,,,,,,,,,
133401,,,,,,,,,,,,,,,,,,,,,,,,,0.42750000953674316,0.19499999284744263,-0.4754999876022339,97081.0,0.0,,,,,,,,,,,,,,,,,,,,,
133401,,,,,,,,,,,,,,,,,,,,,,,,,,,,,,,,,,,,0.0,0.0,0.0,0.0,,,,,,,,,,,
133401,,,,,,,,,,,,,,,,,,,,,,,,,,,,,,,,,,,,,,,,0.0,0.0,0.0,0.0,,,,,,,
134401,,,,,,,,,,,,,,,,,,,9.708603858947754,0.019149120897054672,0.04787280037999153,-0.0024434609804302454,-0.0024434609804302454,0.0,,,,,,,,,,,,,,,,,,,,,,,,,,
134401,,,,,,,,,,,,,,,,,,,,,,,,,,,,,,,,,,,,,,,,,,,,9.730911254882812,-0.23542527854442596,0.28251034021377563,-4.357783794403076,,,
134401,,,,,,,,,,,,,,,,,,,,,,,,,,,,,,0.0,0.0,0.0,0.0,0.0,0.0,,,,,,,,,,,,,,,
134401,,,,,,,,,,,,,,,,,,,,,,,,,-0.4740000069141388,-0.1965000033378601,-0.4334999918937683,97076.0,0.0,,,,,,,,,,,,,,,,,,,,,
134401,,,,,,,,,,,,,,,,,,,,,,,,,,,,,,,,,,,,0.0,0.0,0.0,0.0,,,,,,,,,,,
134401,,,,,,,,,,,,,,,,,,,,,,,,,,,,,,,,,,,,,,,,0.0,0.0,0.0,0.0,,,,,,,
135401,,,,,,,,,,,,,,,,,,,9.727752685546875,0.038298241794109344,0.02872367948293686,-0.0024434609804302454,-0.004886921960860491,0.0024434609804302454,,,,,,,,,,,,,,,,,,,,,,,,,,
135401,,,,,,,,,,,,,,,,,,,,,,,,,,,,,,,,,,,,,,,,,,,,9.57396125793457,-0.3348270654678345,0.2563519775867462,-5.512956619262695,,,
135401,,,,,,,,,,,,,,,,,,,,,,,,,,,,,,0.0,0.0,0.0,0.0,0.0,0.0,,,,,,,,,,,,,,,
135401,,,,,,,,,,,,,,,,,,,,,,,,,-0.47099998593330383,-0.19949999451637268,-0.43050000071525574,97080.0,0.0,,,,,,,,,,,,,,,,,,,,,
135401,,,,,,,,,,,,,,,,,,,,,,,,,,,,,,,,,,,,0.0,0.0,0.0,0.0,,,,,,,,,,,
135401,,,,,,,,,,,,,,,,,,,,,,,,,,,,,,,,,,,,,,,,0.0,0.0,0.0,0.0,,,,,,,
136401,,,,,,,,,,,,,,,,,,,9.727752685546875,0.05744735896587372,0.02872367948293686,-0.0024434609804302454,-0.004886921960860491,-0.0024434609804302454,,,,,,,,,,,,,,,,,,,,,,,,,,
136401,,,,,,,,,,,,,,,,,,,,,,,,,,,,,,,,,,,,,,,,,,,,9.636741638183594,-0.3452904224395752,0.2615836560726166,-4.705912113189697,,,
136401,,,,,,,,,,,,,,,,,,,,,,,,,,,,,,0.0,0.0,0.0,0.0,0.0,0.0,,,,,,,,,,,,,,,
136401,,,,,,,,,,,,,,,,,,,,,,,,,-0.4740000069141388,-0.19949999451637268,-0.4230000078678131,97081.0,0.0,,,,,,,,,,,,,,,,,,,,,
136401,,,,,,,,,,,,,,,,,,,,,,,,,,,,,,,,,,,,0.0,0.0,0.0,0.0,,,,,,,,,,,
136401,,,,,,,,,,,,,,,,,,,,,,,,,,,,,,,,,,,,,,,,0.0,0.0,0.0,0.0,,,,,,,
137401,,,,,,,,,,,,,,,,,,,9.737327575683594,0.04787280037999153,0.04787280037999153,-0.0024434609804302454,-0.004886921960860491,0.0,,,,,,,,,,,,,,,,,,,,,,,,,,
137401,,,,,,,,,,,,,,,,,,,,,,,,,,,,,,,,,,,,,,,,,,,,9.673362731933594,-0.32436370849609375,0.287742018699646,-5.318226337432861,,,
137401,,,,,,,,,,,,,,,,,,,,,,,,,,,,,,0.0,0.0,0.0,0.0,0.0,0.0,,,,,,,,,,,,,,,
137401,,,,,,,,,,,,,,,,,,,,,,,,,0.43050000071525574,0.20100000500679016,-0.47850000858306885,97086.0,0.0,,,,,,,,,,,,,,,,,,,,,
137401,,,,,,,,,,,,,,,,,,,,,,,,,,,,,,,,,,,,0.0,0.0,0.0,0.0,,,,,,,,,,,
137401,,,,,,,,,,,,,,,,,,,,,,,,,,,,,,,,,,,,,,,,0.0,0.0,0.0,0.0,,,,,,,
138401,,,,,,,,,,,,,,,,,,,9.632007598876953,7.678797245025635,5.122389793395996,17.099340438842773,-0.05619960278272629,0.08796459436416626,,,,,,,,,,,,,,,,,,,,,,,,,,
138401,,,,,,,,,,,,,,,,,,,,,,,,,,,,,,,,,,,,,,,,,,,,6.691309452056885,5.906558513641357,0.2772786617279053,131.8243408203125,,,
138401,,,,,,,,,,,,,,,,,,,,,,,,,,,,,,0.0,0.0,0.0,0.0,0.0,0.0,,,,,,,,,,,,,,,
138401,,,,,,,,,,,,,,,,,,,,,,,,,-0.6029999852180481,-0.1784999966621399,-0.42899999022483826,97084.0,0.0,,,,,,,,,,,,,,,,,,,,,
138401,,,,,,,,,,,,,,,,,,,,,,,,,,,,,,,,,,,,0.0,0.0,0.0,0.0,,,,,,,,,,,
138401,,,,,,,,,,,,,,,,,,,,,,,,,,,,,,,,,,,,,,,,0.0,0.0,0.0,0.0,,,,,,,
139401,,,,,,,,,,,,,,,,,,,10.589463233947754,7.9564595222473145,6.989428997039795,17.270381927490234,-0.019547687843441963,0.13439035415649414,,,,,,,,,,,,,,,,,,,,,,,,,,
139401,,,,,,,,,,,,,,,,,,,,,,,,,,,,,,,,,,,,,,,,,,,,12.80190372467041,12.58740520477295,-1.1614314317703247,131.80857849121094,,,
139401,,,,,,,,,,,,,,,,,,,,,,,,,,,,,,0.0,0.0,0.0,0.0,0.0,0.0,,,,,,,,,,,,,,,
139401,,,,,,,,,,,,,,,,,,,,,,,,,-0.23849999904632568,-0.16949999332427979,-0.38100001215934753,97085.0,0.0,,,,,,,,,,,,,,,,,,,,,
139401,,,,,,,,,,,,,,,,,,,,,,,,,,,,,,,,,,,,0.0,0.0,0.0,0.0,,,,,,,,,,,
139401,,,,,,,,,,,,,,,,,,,,,,,,,,,,,,,,,,,,,,,,0.0,0.0,0.0,0.0,,,,,,,
140401,,,,,,,,,,,,,,,,,,,9.957542419433594,9.804349899291992,2.8532187938690186,16.906307220458984,-0.051312681287527084,0.1612684279680252,,,,,,,,,,,,,,,,,,,,,,,,,,
140401,,,,,,,,,,,,,,,,,,,,,,,,,,,,,,,,,,,,,,,,,,,,6.581444263458252,4.201033115386963,1.2660648822784424,130.92994689941406,,,
140401,,,,,,,,,,,,,,,,,,,,,,,,,,,,,,0.0,0.0,0.0,0.0,0.0,0.0,,,,,,,,,,,,,,,
140401,,,,,,,,,,,,,,,,,,,,,,,,,-0.3675000071525574,0.09749999642372131,-0.5580000281333923,97080.0,0.0,,,,,,,,,,,,,,,,,,,,,
140401,,,,,,,,,,,,,,,,,,,,,,,,,,,,,,,,,,,,0.0,0.0,0.0,0.0,,,,,,,,,,,
140401,,,,,,,,,,,,,,,,,,,,,,,,,,,,,,,,,,,,,,,,0.0,0.0,0.0,0.0,,,,,,,
141401,,,,,,,,,,,,,,,,,,,9.584134101867676,8.368165016174316,4.567065238952637,17.101783752441406,-0.12217304855585098,0.11239920556545258,,,,,,,,,,,,,,,,,,,,,,,,,,
141401,,,,,,,,,,,,,,,,,,,,,,,,,,,,,,,,,,,,,,,,,,,,6.670382976531982,5.4514031410217285,-2.9506635665893555,131.9317169189453,,,
141401,,,,,,,,,,,,,,,,,,,,,,,,,,,,,,0.0,0.0,0.0,0.0,0.0,0.0,,,,,,,,,,,,,,,
141401,,,,,,,,,,,,,,,,,,,,,,,,,0.5235000252723694,-0.14249999821186066,-0.6269999742507935,97087.0,0.0,,,,,,,,,,,,,,,,,,,,,
141401,,,,,,,,,,,,,,,,,,,,,,,,,,,,,,,,,,,,0.0,0.0,0.0,0.0,,,,,,,,,,,
141401,,,,,,,,,,,,,,,,,,,,,,,,,,,,,,,,,,,,,,,,0.0,0.0,0.0,0.0,,,,,,,
142401,,,,,,,,,,,,,,,,,,,9.555411338806152,8.224547386169434,5.007494926452637,17.216625213623047,-0.08307766914367676,0.11972958594560623,,,,,,,,,,,,,,,,,,,,,,,,,,
142401,,,,,,,,,,,,,,,,,,,,,,,,,,,,,,,,,,,,,,,,,,,,6.2413859367370605,5.739145278930664,4.6614203453063965,132.830810546875,,,
142401,,,,,,,,,,,,,,,,,,,,,,,,,,,,,,0.0,0.0,0.0,0.0,0.0,0.0,,,,,,,,,,,,,,,
142401,,,,,,,,,,,,,,,,,,,,,,,,,0.43950000405311584,0.2084999978542328,-0.4950000047683716,97080.0,0.0,,,,,,,,,,,,,,,,,,,,,
142401,,,,,,,,,,,,,,,,,,,,,,,,,,,,,,,,,,,,0.0,0.0,0.0,0.0,,,,,,,,,,,
142401,,,,,,,,,,,,,,,,,,,,,,,,,,,,,,,,,,,,,,,,0.0,0.0,0.0,0.0,,,,,,,
143401,,,,,,,,,,,,,,,,,,,9.497963905334473,9.775626182556152,0.8904340863227844,16.857437133789062,-0.05375614017248154,0.1368338167667389,,,,,,,,,,,,,,,,,,,,,,,,,,
143401,,,,,,,,,,,,,,,,,,,,,,,,,,,,,,,,,,,,,,,,,,,,3.1494669914245605,8.443920135498047,-15.475288391113281,129.4590301513672,,,
143401,,,,,,,,,,,,,,,,,,,,,,,,,,,,,,0.0,0.0,0.0,0.0,0.0,0.0,,,,,,,,,,,,,,,
143401,,,,,,,,,,,,,,,,,,,,,,,,,-0.3089999854564667,-0.04650000110268593,-0.4424999952316284,97079.0,0.0,,,,,,,,,,,,,,,,,,,,,
143401,,,,,,,,,,,,,,,,,,,,,,,,,,,,,,,,,,,,0.0,0.0,0.0,0.0,,,,,,,,,,,
143401,,,,,,,,,,,,,,,,,,,,,,,,,,,,,,,,,,,,,,,,0.0,0.0,0.0,0.0,,,,,,,
144401,,,,,,,,,,,,,,,,,,,9.708603858947754,8.396888732910156,4.950047492980957,17.118886947631836,-0.019547687843441963,0.13927727937698364,,,,,,,,,,,,,,,,,,,,,,,,,,
144401,,,,,,,,,,,,,,,,,,,,,,,,,,,,,,,,,,,,,,,,,,,,11.384119987487793,14.585904121398926,1.0672612190246582,131.42465209960938,,,
144401,,,,,,,,,,,,,,,,,,,,,,,,,,,,,,0.0,0.0,0.0,0.0,0.0,0.0,,,,,,,,,,,,,,,
144401,,,,,,,,,,,,,,,,,,,,,,,,,-0.4620000123977661,0.15600000321865082,-0.609000027179718,97081.0,0.0,,,,,,,,,,,,,,,,,,,,,
144401,,,,,,,,,,,,,,,,,,,,,,,,,,,,,,,,,,,,0.0,0.0,0.0,0.0,,,,,,,,,,,
144401,,,,,,,,,,,,,,,,,,,,,,,,,,,,,,,,,,,,,,,,0.0,0.0,0.0,0.0,,,,,,,
145401,,,,,,,,,,,,,,,,,,,9.603283882141113,7.784117221832275,5.945801734924316,17.2752685546875,-0.024434609338641167,0.12217304855585098,,,,,,,,,,,,,,,,,,,,,,,,,,
145401,,,,,,,,,,,,,,,,,,,,,,,,,,,,,,,,,,,,,,,,,,,,13.513411521911621,17.5574951171875,3.3535022735595703,132.68849182128906,,,
145401,,,,,,,,,,,,,,,,,,,,,,,,,,,,,,0.0,0.0,0.0,0.0,0.0,0.0,,,,,,,,,,,,,,,
145401,,,,,,,,,,,,,,,,,,,,,,,,,-0.6614999771118164,-0.012000000104308128,-0.4860000014305115,97077.0,0.0,,,,,,,,,,,,,,,,,,,,,
145401,,,,,,,,,,,,,,,,,,,,,,,,,,,,,,,,,,,,0.0,0.0,0.0,0.0,,,,,,,,,,,
145401,,,,,,,,,,,,,,,,,,,,,,,,,,,,,,,,,,,,,,,,0.0,0.0,0.0,0.0,,,,,,,
146401,,,,,,,,,,,,,,,,,,,9.430941581726074,8.990511894226074,2.2883198261260986,16.828115463256836,-0.07819075137376785,0.16615533828735352,,,,,,,,,,,,,,,,,,,,,,,,,,
146401,,,,,,,,,,,,,,,,,,,,,,,,,,,,,,,,,,,,,,,,,,,,11.394583702087402,11.22716999053955,4.718968868255615,130.42628479003906,,,
146401,,,,,,,,,,,,,,,,,,,,,,,,,,,,,,0.0,0.0,0.0,0.0,0.0,0.0,,,,,,,,,,,,,,,
146401,,,,,,,,,,,,,,,,,,,,,,,,,0.375,0.23399999737739563,-0.3765000104904175,97075.0,0.0,,,,,,,,,,,,,,,,,,,,,
146401,,,,,,,,,,,,,,,,,,,,,,,,,,,,,,,,,,,,0.0,0.0,0.0,0.0,,,,,,,,,,,
146401,,,,,,,,,,,,,,,,,,,,,,,,,,,,,,,,,,,,,,,,0.0,0.0,0.0,0.0,,,,,,,
147401,,,,,,,,,,,,,,,,,,,10.014989852905273,7.161770820617676,5.333029747009277,17.231287002563477,-0.05864306166768074,0.11728612333536148,,,,,,,,,,,,,,,,,,,,,,,,,,
147401,,,,,,,,,,,,,,,,,,,,,,,,,,,,,,,,,,,,,,,,,,,,5.990265369415283,5.106112957000732,1.7159887552261353,132.33609008789062,,,
147401,,,,,,,,,,,,,,,,,,,,,,,,,,,,,,0.0,0.0,0.0,0.0,0.0,0.0,,,,,,,,,,,,,,,
147401,,,,,,,,,,,,,,,,,,,,,,,,,-0.2639999985694885,-0.014999999664723873,-0.47099998593330383,97074.0,0.0,,,,,,,,,,,,,,,,,,,,,
147401,,,,,,,,,,,,,,,,,,,,,,,,,,,,,,,,,,,,0.0,0.0,0.0,0.0,,,,,,,,,,,
147401,,,,,,,,,,,,,,,,,,,,,,,,,,,,,,,,,,,,,,,,0.0,0.0,0.0,0.0,,,,,,,
148401,,,,,,,,,,,,,,,,,,,9.833072662353516,8.454336166381836,4.796854496002197,17.197078704833984,0.01710422709584236,0.06841690838336945,,,,,,,,,,,,,,,,,,,,,,,,,,
148401,,,,,,,,,,,,,,,,,,,,,,,,,,,,,,,,,,,,,,,,,,,,9.945409774780273,14.408026695251465,0.4603872001171112,132.33226013183594,,,
148401,,,,,,,,,,,,,,,,,,,,,,,,,,,,,,0.0,0.0,0.0,0.0,0.0,0.0,,,,,,,,,,,,,,,
148401,,,,,,,,,,,,,,,,,,,,,,,,,-0.5325000286102295,0.2070000022649765,-0.5789999961853027,97081.0,0.0,,,,,,,,,,,,,,,,,,,,,
148401,,,,,,,,,,,,,,,,,,,,,,,,,,,,,,,,,,,,0.0,0.0,0.0,0.0,,,,,,,,,,,
148401,,,,,,,,,,,,,,,,,,,,,,,,,,,,,,,,,,,,,,,,0.0,0.0,0.0,0.0,,,,,,,
149401,,,,,,,,,,,,,,,,,,,9.727752685546875,8.866042137145996,4.557490348815918,16.884315490722656,-0.06352998316287994,0.11239920556545258,,,,,,,,,,,,,,,,,,,,,,,,,,
149401,,,,,,,,,,,,,,,,,,,,,,,,,,,,,,,,,,,,,,,,,,,,17.871395111083984,15.339264869689941,-14.073200225830078,129.9302978515625,,,
149401,,,,,,,,,,,,,,,,,,,,,,,,,,,,,,0.0,0.0,0.0,0.0,0.0,0.0,,,,,,,,,,,,,,,
149401,,,,,,,,,,,,,,,,,,,,,,,,,-0.6420000195503235,-0.05249999836087227,-0.46950000524520874,97078.0,0.0,,,,,,,,,,,,,,,,,,,,,
149401,,,,,,,,,,,,,,,,,,,,,,,,,,,,,,,,,,,,0.0,0.0,0.0,0.0,,,,,,,,,,,
149401,,,,,,,,,,,,,,,,,,,,,,,,,,,,,,,,,,,,,,,,0.0,0.0,0.0,0.0,,,,,,,
150401,,,,,,,,,,,,,,,,,,,10.101161003112793,8.080928802490234,5.505372047424316,17.11400032043457,-0.10018189996480942,0.17348572611808777,,,,,,,,,,,,,,,,,,,,,,,,,,
150401,,,,,,,,,,,,,,,,,,,,,,,,,,,,,,,,,,,,,,,,,,,,10.719697952270508,11.389351844787598,3.0971503257751465,130.67257690429688,,,
150401,,,,,,,,,,,,,,,,,,,,,,,,,,,,,,0.0,0.0,0.0,0.0,0.0,0.0,,,,,,,,,,,,,,,
150401,,,,,,,,,,,,,,,,,,,,,,,,,0.4065000116825104,0.23100000619888306,-0.3555000126361847,97087.0,0.0,,,,,,,,,,,,,,,,,,,,,
150401,,,,,,,,,,,,,,,,,,,,,,,,,,,,,,,,,,,,0.0,0.0,0.0,0.0,,,,,,,,,,,
150401,,,,,,,,,,,,,,,,,,,,,,,,,,,,,,,,,,,,,,,,0.0,0.0,0.0,0.0,,,,,,,
151401,,,,,,,,,,,,,,,,,,,9.679880142211914,8.147950172424316,4.806428909301758,17.29970359802246,-0.01710422709584236,0.19792033731937408,,,,,,,,,,,,,,,,,,,,,,,,,,
151401,,,,,,,,,,,,,,,,,,,,,,,,,,,,,,,,,,,,,,,,,,,,10.761550903320312,10.960354804992676,-0.16741353273391724,133.4473876953125,,,
151401,,,,,,,,,,,,,,,,,,,,,,,,,,,,,,0.0,0.0,0.0,0.0,0.0,0.0,,,,,,,,,,,,,,,
151401,,,,,,,,,,,,,,,,,,,,,,,,,0.4950000047683716,-0.050999999046325684,-0.3555000126361847,97083.0,0.0,,,,,,,,,,,,,,,,,,,,,
151401,,,,,,,,,,,,,,,,,,,,,,,,,,,,,,,,,,,,0.0,0.0,0.0,0.0,,,,,,,,,,,
151401,,,,,,,,,,,,,,,,,,,,,,,,,,,,,,,,,,,,,,,,0.0,0.0,0.0,0.0,,,,,,,
152401,,,,,,,,,,,,,,,,,,,8.770297050476074,8.377739906311035,0.9383068680763245,16.935626983642578,-0.09285151958465576,0.1563815027475357,,,,,,,,,,,,,,,,,,,,,,,,,,
152401,,,,,,,,,,,,,,,,,,,,,,,,,,,,,,,,,,,,,,,,,,,,12.545551300048828,6.811637878417969,3.290722131729126,131.29214477539062,,,
152401,,,,,,,,,,,,,,,,,,,,,,,,,,,,,,0.0,0.0,0.0,0.0,0.0,0.0,,,,,,,,,,,,,,,
152401,,,,,,,,,,,,,,,,,,,,,,,,,-0.5805000066757202,0.10649999976158142,-0.5550000071525574,97080.0,0.0,,,,,,,,,,,,,,,,,,,,,
152401,,,,,,,,,,,,,,,,,,,,,,,,,,,,,,,,,,,,0.0,0.0,0.0,0.0,,,,,,,,,,,
152401,,,,,,,,,,,,,,,,,,,,,,,,,,,,,,,,,,,,,,,,0.0,0.0,0.0,0.0,,,,,,,
153401,,,,,,,,,,,,,,,,,,,9.823498725891113,7.966033935546875,4.854301929473877,17.12133026123047,-0.05375614017248154,0.0659734457731247,,,,,,,,,,,,,,,,,,,,,,,,,,
153401,,,,,,,,,,,,,,,,,,,,,,,,,,,,,,,,,,,,,,,,,,,,11.766032218933105,13.686056137084961,-0.41330215334892273,131.5345916748047,,,
153401,,,,,,,,,,,,,,,,,,,,,,,,,,,,,,0.0,0.0,0.0,0.0,0.0,0.0,,,,,,,,,,,,,,,
153401,,,,,,,,,,,,,,,,,,,,,,,,,-0.5550000071525574,-0.17249999940395355,-0.4124999940395355,97079.0,0.0,,,,,,,,,,,,,,,,,,,,,
153401,,,,,,,,,,,,,,,,,,,,,,,,,,,,,,,,,,,,0.0,0.0,0.0,0.0,,,,,,,,,,,
153401,,,,,,,,,,,,,,,,,,,,,,,,,,,,,,,,,,,,,,,,0.0,0.0,0.0,0.0,,,,,,,
154401,,,,,,,,,,,,,,,,,,,10.005414962768555,10.484143257141113,4.327701091766357,17.324138641357422,0.0,0.10262536257505417,,,,,,,,,,,,,,,,,,,,,,,,,,
154401,,,,,,,,,,,,,,,,,,,,,,,,,,,,,,,,,,,,,,,,,,,,8.64272403717041,14.334783554077148,7.198781967163086,132.9799346923828,,,
154401,,,,,,,,,,,,,,,,,,,,,,,,,,,,,,0.0,0.0,0.0,0.0,0.0,0.0,,,,,,,,,,,,,,,
154401,,,,,,,,,,,,,,,,,,,,,,,,,-0.23100000619888306,-0.14249999821186066,-0.3765000104904175,97083.0,0.0,,,,,,,,,,,,,,,,,,,,,
154401,,,,,,,,,,,,,,,,,,,,,,,,,,,,,,,,,,,,0.0,0.0,0.0,0.0,,,,,,,,,,,
154401,,,,,,,,,,,,,,,,,,,,,,,,,,,,,,,,,,,,,,,,0.0,0.0,0.0,0.0,,,,,,,
155401,,,,,,,,,,,,,,,,,,,10.177757263183594,8.387314796447754,4.480894088745117,16.913637161254883,-0.039095375686883926,0.14905111491680145,,,,,,,,,,,,,,,,,,,,,,,,,,
155401,,,,,,,,,,,,,,,,,,,,,,,,,,,,,,,,,,,,,,,,,,,,13.701751708984375,14.800402641296387,1.7107570171356201,129.5745086669922,,,
155401,,,,,,,,,,,,,,,,,,,,,,,,,,,,,,0.0,0.0,0.0,0.0,0.0,0.0,,,,,,,,,,,,,,,
155401,,,,,,,,,,,,,,,,,,,,,,,,,0.5759999752044678,-0.11550000309944153,-0.3944999873638153,97085.0,0.0,,,,,,,,,,,,,,,,,,,,,
155401,,,,,,,,,,,,,,,,,,,,,,,,,,,,,,,,,,,,0.0,0.0,0.0,0.0,,,,,,,,,,,
155401,,,,,,,,,,,,,,,,,,,,,,,,,,,,,,,,,,,,,,,,0.0,0.0,0.0,0.0,,,,,,,
156401,,,,,,,,,,,,,,,,,,,10.101161003112793,7.812840938568115,5.610692024230957,17.172643661499023,-0.14416418969631195,0.13927727937698364,,,,,,,,,,,,,,,,,,,,,,,,,,
156401,,,,,,,,,,,,,,,,,,,,,,,,,,,,,,,,,,,,,,,,,,,,12.03284740447998,10.327322006225586,1.1195780038833618,132.33055114746094,,,
156401,,,,,,,,,,,,,,,,,,,,,,,,,,,,,,0.0,0.0,0.0,0.0,0.0,0.0,,,,,,,,,,,,,,,
156401,,,,,,,,,,,,,,,,,,,,,,,,,-0.6570000052452087,0.11249999701976776,-0.5370000004768372,97089.0,0.0,,,,,,,,,,,,,,,,,,,,,
156401,,,,,,,,,,,,,,,,,,,,,,,,,,,,,,,,,,,,0.0,0.0,0.0,0.0,,,,,,,,,,,
156401,,,,,,,,,,,,,,,,,,,,,,,,,,,,,,,,,,,,,,,,0.0,0.0,0.0,0.0,,,,,,,
157401,,,,,,,,,,,,,,,,,,,9.909669876098633,7.640499114990234,5.371328353881836,17.24350357055664,-0.03420845419168472,0.14416418969631195,,,,,,,,,,,,,,,,,,,,,,,,,,
157401,,,,,,,,,,,,,,,,,,,,,,,,,,,,,,,,,,,,,,,,,,,,11.89682388305664,9.689058303833008,0.7899826169013977,133.06985473632812,,,
157401,,,,,,,,,,,,,,,,,,,,,,,,,,,,,,0.0,0.0,0.0,0.0,0.0,0.0,,,,,,,,,,,,,,,
157401,,,,,,,,,,,,,,,,,,,,,,,,,-0.48750001192092896,-0.2535000145435333,-0.43950000405311584,97080.0,0.0,,,,,,,,,,,,,,,,,,,,,
157401,,,,,,,,,,,,,,,,,,,,,,,,,,,,,,,,,,,,0.0,0.0,0.0,0.0,,,,,,,,,,,
157401,,,,,,,,,,,,,,,,,,,,,,,,,,,,,,,,,,,,,,,,0.0,0.0,0.0,0.0,,,,,,,
158401,,,,,,,,,,,,,,,,,,,10.359673500061035,8.387314796447754,4.231955528259277,16.828115463256836,-0.04886921867728233,0.10751228034496307,,,,,,,,,,,,,,,,,,,,,,,,,,
158401,,,,,,,,,,,,,,,,,,,,,,,,,,,,,,,,,,,,,,,,,,,,10.227920532226562,7.648705959320068,2.1240592002868652,129.43133544921875,,,
158401,,,,,,,,,,,,,,,,,,,,,,,,,,,,,,0.0,0.0,0.0,0.0,0.0,0.0,,,,,,,,,,,,,,,
158401,,,,,,,,,,,,,,,,,,,,,,,,,-0.2955000102519989,-0.09149999916553497,-0.41850000619888306,97085.0,0.0,,,,,,,,,,,,,,,,,,,,,
158401,,,,,,,,,,,,,,,,,,,,,,,,,,,,,,,,,,,,0.0,0.0,0.0,0.0,,,,,,,,,,,
158401,,,,,,,,,,,,,,,,,,,,,,,,,,,,,,,,,,,,,,,,0.0,0.0,0.0,0.0,,,,,,,
159401,,,,,,,,,,,,,,,,,,,9.153279304504395,7.468156814575195,4.758556365966797,17.24350357055664,-0.08552113175392151,0.1612684279680252,,,,,,,,,,,,,,,,,,,,,,,,,,
159401,,,,,,,,,,,,,,,,,,,,,,,,,,,,,,,,,,,,,,,,,,,,9.364694595336914,8.59040641784668,-2.0560474395751953,133.105224609375,,,
159401,,,,,,,,,,,,,,,,,,,,,,,,,,,,,,0.0,0.0,0.0,0.0,0.0,0.0,,,,,,,,,,,,,,,
159401,,,,,,,,,,,,,,,,,,,,,,,,,0.5789999961853027,-0.14550000429153442,-0.41999998688697815,97077.0,0.0,,,,,,,,,,,,,,,,,,,,,
159401,,,,,,,,,,,,,,,,,,,,,,,,,,,,,,,,,,,,0.0,0.0,0.0,0.0,,,,,,,,,,,
159401,,,,,,,,,,,,,,,,,,,,,,,,,,,,,,,,,,,,,,,,0.0,0.0,0.0,0.0,,,,,,,
160401,,,,,,,,,,,,,,,,,,,9.325621604919434,9.813923835754395,2.6042802333831787,17.140878677368164,-0.012217304669320583,0.19058994948863983,,,,,,,,,,,,,,,,,,,,,,,,,,
160401,,,,,,,,,,,,,,,,,,,,,,,,,,,,,,,,,,,,,,,,,,,,6.178605556488037,12.064237594604492,-3.850511312484741,133.3566131591797,,,
160401,,,,,,,,,,,,,,,,,,,,,,,,,,,,,,0.0,0.0,0.0,0.0,0.0,0.0,,,,,,,,,,,,,,,
160401,,,,,,,,,,,,,,,,,,,,,,,,,-0.6434999704360962,-0.013500000350177288,-0.4620000123977661,97088.0,0.0,,,,,,,,,,,,,,,,,,,,,
160401,,,,,,,,,,,,,,,,,,,,,,,,,,,,,,,,,,,,0.0,0.0,0.0,0.0,,,,,,,,,,,
160401,,,,,,,,,,,,,,,,,,,,,,,,,,,,,,,,,,,,,,,,0.0,0.0,0.0,0.0,,,,,,,
161401,,,,,,,,,,,,,,,,,,,9.632007598876953,7.9756083488464355,4.433021068572998,16.891645431518555,-0.051312681287527084,0.15882496535778046,,,,,,,,,,,,,,,,,,,,,,,,,,
161401,,,,,,,,,,,,,,,,,,,,,,,,,,,,,,,,,,,,,,,,,,,,10.363944053649902,5.388623237609863,-1.1718946695327759,130.57884216308594,,,
161401,,,,,,,,,,,,,,,,,,,,,,,,,,,,,,0.0,0.0,0.0,0.0,0.0,0.0,,,,,,,,,,,,,,,
161401,,,,,,,,,,,,,,,,,,,,,,,,,-0.32850000262260437,-0.2175000011920929,-0.38100001215934753,97082.0,0.0,,,,,,,,,,,,,,,,,,,,,
161401,,,,,,,,,,,,,,,,,,,,,,,,,,,,,,,,,,,,0.0,0.0,0.0,0.0,,,,,,,,,,,
161401,,,,,,,,,,,,,,,,,,,,,,,,,,,,,,,,,,,,,,,,0.0,0.0,0.0,0.0,,,,,,,
162401,,,,,,,,,,,,,,,,,,,8.684125900268555,8.205397605895996,5.285157203674316,17.319252014160156,-0.0806342139840126,0.11728612333536148,,,,,,,,,,,,,,,,,,,,,,,,,,
162401,,,,,,,,,,,,,,,,,,,,,,,,,,,,,,,,,,,,,,,,,,,,13.393082618713379,8.114324569702148,1.940950632095337,132.917724609375,,,
162401,,,,,,,,,,,,,,,,,,,,,,,,,,,,,,0.0,0.0,0.0,0.0,0.0,0.0,,,,,,,,,,,,,,,
162401,,,,,,,,,,,,,,,,,,,,,,,,,-0.296999990940094,0.006000000052154064,-0.4860000014305115,97085.0,0.0,,,,,,,,,,,,,,,,,,,,,
162401,,,,,,,,,,,,,,,,,,,,,,,,,,,,,,,,,,,,0.0,0.0,0.0,0.0,,,,,,,,,,,
162401,,,,,,,,,,,,,,,,,,,,,,,,,,,,,,,,,,,,,,,,0.0,0.0,0.0,0.0,,,,,,,
163401,,,,,,,,,,,,,,,,,,,9.746902465820312,10.014989852905273,0.9383068680763245,17.172643661499023,0.039095375686883926,0.12461651116609573,,,,,,,,,,,,,,,,,,,,,,,,,,
163401,,,,,,,,,,,,,,,,,,,,,,,,,,,,,,,,,,,,,,,,,,,,4.603872299194336,12.52985668182373,-4.84976053237915,132.83592224121094,,,
163401,,,,,,,,,,,,,,,,,,,,,,,,,,,,,,0.0,0.0,0.0,0.0,0.0,0.0,,,,,,,,,,,,,,,
163401,,,,,,,,,,,,,,,,,,,,,,,,,0.6000000238418579,-0.19499999284744263,-0.5640000104904175,97085.0,0.0,,,,,,,,,,,,,,,,,,,,,
163401,,,,,,,,,,,,,,,,,,,,,,,,,,,,,,,,,,,,0.0,0.0,0.0,0.0,,,,,,,,,,,
163401,,,,,,,,,,,,,,,,,,,,,,,,,,,,,,,,,,,,,,,,0.0,0.0,0.0,0.0,,,,,,,
164401,,,,,,,,,,,,,,,,,,,9.718178749084473,8.435187339782715,4.806428909301758,16.947845458984375,-0.07330382615327835,0.0806342139840126,,,,,,,,,,,,,,,,,,,,,,,,,,
164401,,,,,,,,,,,,,,,,,,,,,,,,,,,,,,,,,,,,,,,,,,,,7.962605953216553,5.5717315673828125,1.3340766429901123,130.87327575683594,,,
164401,,,,,,,,,,,,,,,,,,,,,,,,,,,,,,0.0,0.0,0.0,0.0,0.0,0.0,,,,,,,,,,,,,,,
164401,,,,,,,,,,,,,,,,,,,,,,,,,0.46799999475479126,0.0689999982714653,-0.6434999704360962,97086.0,0.0,,,,,,,,,,,,,,,,,,,,,
164401,,,,,,,,,,,,,,,,,,,,,,,,,,,,,,,,,,,,0.0,0.0,0.0,0.0,,,,,,,,,,,
164401,,,,,,,,,,,,,,,,,,,,,,,,,,,,,,,,,,,,,,,,0.0,0.0,0.0,0.0,,,,,,,
165401,,,,,,,,,,,,,,,,,,,9.593708992004395,7.6596479415893555,5.074516773223877,17.128662109375,-0.09040805697441101,0.18814648687839508,,,,,,,,,,,,,,,,,,,,,,,,,,
165401,,,,,,,,,,,,,,,,,,,,,,,,,,,,,,,,,,,,,,,,,,,,5.775766849517822,3.531379222869873,6.230922222137451,131.93214416503906,,,
165401,,,,,,,,,,,,,,,,,,,,,,,,,,,,,,0.0,0.0,0.0,0.0,0.0,0.0,,,,,,,,,,,,,,,
165401,,,,,,,,,,,,,,,,,,,,,,,,,-0.33149999380111694,-0.21449999511241913,-0.3840000033378601,97083.0,0.0,,,,,,,,,,,,,,,,,,,,,
165401,,,,,,,,,,,,,,,,,,,,,,,,,,,,,,,,,,,,0.0,0.0,0.0,0.0,,,,,,,,,,,
165401,,,,,,,,,,,,,,,,,,,,,,,,,,,,,,,,,,,,,,,,0.0,0.0,0.0,0.0,,,,,,,
166401,,,,,,,,,,,,,,,,,,,10.225629806518555,9.785200119018555,2.6808767318725586,17.05780029296875,-0.004886921960860491,0.15882496535778046,,,,,,,,,,,,,,,,,,,,,,,,,,
166401,,,,,,,,,,,,,,,,,,,,,,,,,,,,,,,,,,,,,,,,,,,,13.173352241516113,12.127017974853516,12.990243911743164,132.86148071289062,,,
166401,,,,,,,,,,,,,,,,,,,,,,,,,,,,,,0.0,0.0,0.0,0.0,0.0,0.0,,,,,,,,,,,,,,,
166401,,,,,,,,,,,,,,,,,,,,,,,,,-0.3165000081062317,0.05999999865889549,-0.4934999942779541,97084.0,0.0,,,,,,,,,,,,,,,,,,,,,
166401,,,,,,,,,,,,,,,,,,,,,,,,,,,,,,,,,,,,0.0,0.0,0.0,0.0,,,,,,,,,,,
166401,,,,,,,,,,,,,,,,,,,,,,,,,,,,,,,,,,,,,,,,0.0,0.0,0.0,0.0,,,,,,,
167401,,,,,,,,,,,,,,,,,,,9.497963905334473,7.381985664367676,4.576639652252197,16.99427032470703,-0.11972958594560623,0.1466076523065567,,,,,,,,,,,,,,,,,,,,,,,,,,
167401,,,,,,,,,,,,,,,,,,,,,,,,,,,,,,,,,,,,,,,,,,,,11.049293518066406,9.275755882263184,-2.0769741535186768,130.51577758789062,,,
167401,,,,,,,,,,,,,,,,,,,,,,,,,,,,,,0.0,0.0,0.0,0.0,0.0,0.0,,,,,,,,,,,,,,,
167401,,,,,,,,,,,,,,,,,,,,,,,,,-0.5444999933242798,0.1289999932050705,-0.5504999756813049,97081.0,0.0,,,,,,,,,,,,,,,,,,,,,
167401,,,,,,,,,,,,,,,,,,,,,,,,,,,,,,,,,,,,0.0,0.0,0.0,0.0,,,,,,,,,,,
167401,,,,,,,,,,,,,,,,,,,,,,,,,,,,,,,,,,,,,,,,0.0,0.0,0.0,0.0,,,,,,,
168401,,,,,,,,,,,,,,,,,,,9.402217864990234,7.257516384124756,5.237284183502197,17.197078704833984,-0.06352998316287994,0.11972958594560623,,,,,,,,,,,,,,,,,,,,,,,,,,
168401,,,,,,,,,,,,,,,,,,,,,,,,,,,,,,,,,,,,,,,,,,,,9.103111267089844,8.15617847442627,-1.4753317832946777,133.081787109375,,,
168401,,,,,,,,,,,,,,,,,,,,,,,,,,,,,,0.0,0.0,0.0,0.0,0.0,0.0,,,,,,,,,,,,,,,
168401,,,,,,,,,,,,,,,,,,,,,,,,,0.42899999022483826,0.1379999965429306,-0.5910000205039978,97084.0,0.0,,,,,,,,,,,,,,,,,,,,,
168401,,,,,,,,,,,,,,,,,,,,,,,,,,,,,,,,,,,,0.0,0.0,0.0,0.0,,,,,,,,,,,
168401,,,,,,,,,,,,,,,,,,,,,,,,,,,,,,,,,,,,,,,,0.0,0.0,0.0,0.0,,,,,,,
169401,,,,,,,,,,,,,,,,,,,9.287322998046875,8.875617027282715,3.360670566558838,17.270381927490234,0.04398229718208313,0.16859880089759827,,,,,,,,,,,,,,,,,,,,,,,,,,
169401,,,,,,,,,,,,,,,,,,,,,,,,,,,,,,,,,,,,,,,,,,,,8.40729808807373,11.295181274414062,9.124037742614746,133.1056365966797,,,
169401,,,,,,,,,,,,,,,,,,,,,,,,,,,,,,0.0,0.0,0.0,0.0,0.0,0.0,,,,,,,,,,,,,,,
169401,,,,,,,,,,,,,,,,,,,,,,,,,-0.265500009059906,-0.12600000202655792,-0.41999998688697815,97083.0,0.0,,,,,,,,,,,,,,,,,,,,,
169401,,,,,,,,,,,,,,,,,,,,,,,,,,,,,,,,,,,,0.0,0.0,0.0,0.0,,,,,,,,,,,
169401,,,,,,,,,,,,,,,,,,,,,,,,,,,,,,,,,,,,,,,,0.0,0.0,0.0,0.0,,,,,,,
170401,,,,,,,,,,,,,,,,,,,9.699028968811035,7.640499114990234,4.816003799438477,17.01626205444336,-0.014660765416920185,0.10751228034496307,,,,,,,,,,,,,,,,,,,,,,,,,,
170401,,,,,,,,,,,,,,,,,,,,,,,,,,,,,,,,,,,,,,,,,,,,10.180835723876953,6.675614356994629,1.1928213834762573,130.60057067871094,,,
170401,,,,,,,,,,,,,,,,,,,,,,,,,,,,,,0.0,0.0,0.0,0.0,0.0,0.0,,,,,,,,,,,,,,,
170401,,,,,,,,,,,,,,,,,,,,,,,,,-0.4634999930858612,0.13950000703334808,-0.5954999923706055,97085.0,0.0,,,,,,,,,,,,,,,,,,,,,
170401,,,,,,,,,,,,,,,,,,,,,,,,,,,,,,,,,,,,0.0,0.0,0.0,0.0,,,,,,,,,,,
170401,,,,,,,,,,,,,,,,,,,,,,,,,,,,,,,,,,,,,,,,0.0,0.0,0.0,0.0,,,,,,,
171401,,,,,,,,,,,,,,,,,,,9.555411338806152,8.578805923461914,6.510700702667236,17.231287002563477,-0.08307766914367676,0.10018189996480942,,,,,,,,,,,,,,,,,,,,,,,,,,
171401,,,,,,,,,,,,,,,,,,,,,,,,,,,,,,,,,,,,,,,,,,,,10.264542579650879,5.681596755981445,-2.1240592002868652,132.1980438232422,,,
171401,,,,,,,,,,,,,,,,,,,,,,,,,,,,,,0.0,0.0,0.0,0.0,0.0,0.0,,,,,,,,,,,,,,,
171401,,,,,,,,,,,,,,,,,,,,,,,,,-0.6524999737739563,0.08699999749660492,-0.5205000042915344,97080.0,0.0,,,,,,,,,,,,,,,,,,,,,
171401,,,,,,,,,,,,,,,,,,,,,,,,,,,,,,,,,,,,0.0,0.0,0.0,0.0,,,,,,,,,,,
171401,,,,,,,,,,,,,,,,,,,,,,,,,,,,,,,,,,,,,,,,0.0,0.0,0.0,0.0,,,,,,,
172401,,,,,,,,,,,,,,,,,,,10.168182373046875,9.612857818603516,3.523437976837158,17.062686920166016,-0.036651913076639175,0.11484266817569733,,,,,,,,,,,,,,,,,,,,,,,,,,
172401,,,,,,,,,,,,,,,,,,,,,,,,,,,,,,,,,,,,,,,,,,,,13.157657623291016,14.120285034179688,-6.97905158996582,131.26443481445312,,,
172401,,,,,,,,,,,,,,,,,,,,,,,,,,,,,,0.0,0.0,0.0,0.0,0.0,0.0,,,,,,,,,,,,,,,
172401,,,,,,,,,,,,,,,,,,,,,,,,,0.4124999940395355,0.27000001072883606,-0.4560000002384186,97082.0,0.0,,,,,,,,,,,,,,,,,,,,,
172401,,,,,,,,,,,,,,,,,,,,,,,,,,,,,,,,,,,,0.0,0.0,0.0,0.0,,,,,,,,,,,
172401,,,,,,,,,,,,,,,,,,,,,,,,,,,,,,,,,,,,,,,,0.0,0.0,0.0,0.0,,,,,,,
173401,,,,,,,,,,,,,,,,,,,10.263928413391113,7.247941970825195,5.7734599113464355,17.030921936035156,-0.11239920556545258,0.11728612333536148,,,,,,,,,,,,,,,,,,,,,,,,,,
173401,,,,,,,,,,,,,,,,,,,,,,,,,,,,,,,,,,,,,,,,,,,,7.596388816833496,8.082934379577637,0.5388622879981995,130.72116088867188,,,
173401,,,,,,,,,,,,,,,,,,,,,,,,,,,,,,0.0,0.0,0.0,0.0,0.0,0.0,,,,,,,,,,,,,,,
173401,,,,,,,,,,,,,,,,,,,,,,,,,-0.23849999904632568,-0.05550000071525574,-0.4034999907016754,97083.0,0.0,,,,,,,,,,,,,,,,,,,,,
173401,,,,,,,,,,,,,,,,,,,,,,,,,,,,,,,,,,,,0.0,0.0,0.0,0.0,,,,,,,,,,,
173401,,,,,,,,,,,,,,,,,,,,,,,,,,,,,,,,,,,,,,,,0.0,0.0,0.0,0.0,,,,,,,
174401,,,,,,,,,,,,,,,,,,,9.660731315612793,8.645827293395996,5.1606879234313965,17.360790252685547,-0.03420845419168472,0.15882496535778046,,,,,,,,,,,,,,,,,,,,,,,,,,
174401,,,,,,,,,,,,,,,,,,,,,,,,,,,,,,,,,,,,,,,,,,,,11.561997413635254,16.37513542175293,-1.2137480974197388,134.36563110351562,,,
174401,,,,,,,,,,,,,,,,,,,,,,,,,,,,,,0.0,0.0,0.0,0.0,0.0,0.0,,,,,,,,,,,,,,,
174401,,,,,,,,,,,,,,,,,,,,,,,,,-0.42750000953674316,0.1589999943971634,-0.5924999713897705,97082.0,0.0,,,,,,,,,,,,,,,,,,,,,
174401,,,,,,,,,,,,,,,,,,,,,,,,,,,,,,,,,,,,0.0,0.0,0.0,0.0,,,,,,,,,,,
174401,,,,,,,,,,,,,,,,,,,,,,,,,,,,,,,,,,,,,,,,0.0,0.0,0.0,0.0,,,,,,,
175401,,,,,,,,,,,,,,,,,,,9.756476402282715,10.158608436584473,1.7329953908920288,17.07246208190918,-0.03176499158143997,0.14416418969631195,,,,,,,,,,,,,,,,,,,,,,,,,,
175401,,,,,,,,,,,,,,,,,,,,,,,,,,,,,,,,,,,,,,,,,,,,6.717467784881592,0.34005874395370483,1.872938871383667,132.13795471191406,,,
175401,,,,,,,,,,,,,,,,,,,,,,,,,,,,,,0.0,0.0,0.0,0.0,0.0,0.0,,,,,,,,,,,,,,,
175401,,,,,,,,,,,,,,,,,,,,,,,,,-0.6735000014305115,0.024000000208616257,-0.4830000102519989,97088.0,0.0,,,,,,,,,,,,,,,,,,,,,
175401,,,,,,,,,,,,,,,,,,,,,,,,,,,,,,,,,,,,0.0,0.0,0.0,0.0,,,,,,,,,,,
175401,,,,,,,,,,,,,,,,,,,,,,,,,,,,,,,,,,,,,,,,0.0,0.0,0.0,0.0,,,,,,,
176401,,,,,,,,,,,,,,,,,,,8.770297050476074,7.420283794403076,4.978771209716797,17.077348709106445,-0.04153883457183838,0.17592918872833252,,,,,,,,,,,,,,,,,,,,,,,,,,
176401,,,,,,,,,,,,,,,,,,,,,,,,,,,,,,,,,,,,,,,,,,,,9.333304405212402,8.595638275146484,-1.5799652338027954,131.10081481933594,,,
176401,,,,,,,,,,,,,,,,,,,,,,,,,,,,,,0.0,0.0,0.0,0.0,0.0,0.0,,,,,,,,,,,,,,,
176401,,,,,,,,,,,,,,,,,,,,,,,,,0.41100001335144043,0.2084999978542328,-0.3855000138282776,97081.0,0.0,,,,,,,,,,,,,,,,,,,,,
176401,,,,,,,,,,,,,,,,,,,,,,,,,,,,,,,,,,,,0.0,0.0,0.0,0.0,,,,,,,,,,,
176401,,,,,,,,,,,,,,,,,,,,,,,,,,,,,,,,,,,,,,,,0.0,0.0,0.0,0.0,,,,,,,
177401,,,,,,,,,,,,,,,,,,,9.009660720825195,8.866042137145996,4.461744785308838,17.245946884155273,-0.06841690838336945,0.15393804013729095,,,,,,,,,,,,,,,,,,,,,,,,,,
177401,,,,,,,,,,,,,,,,,,,,,,,,,,,,,,,,,,,,,,,,,,,,8.935697555541992,15.726408958435059,3.290722131729126,133.43417358398438,,,
177401,,,,,,,,,,,,,,,,,,,,,,,,,,,,,,0.0,0.0,0.0,0.0,0.0,0.0,,,,,,,,,,,,,,,
177401,,,,,,,,,,,,,,,,,,,,,,,,,-0.3555000126361847,0.024000000208616257,-0.5009999871253967,97083.0,0.0,,,,,,,,,,,,,,,,,,,,,
177401,,,,,,,,,,,,,,,,,,,,,,,,,,,,,,,,,,,,0.0,0.0,0.0,0.0,,,,,,,,,,,
177401,,,,,,,,,,,,,,,,,,,,,,,,,,,,,,,,,,,,,,,,0.0,0.0,0.0,0.0,,,,,,,
178401,,,,,,,,,,,,,,,,,,,9.440516471862793,8.463911056518555,2.9298152923583984,16.930740356445312,-0.02932153083384037,0.11972958594560623,,,,,,,,,,,,,,,,,,,,,,,,,,
178401,,,,,,,,,,,,,,,,,,,,,,,,,,,,,,,,,,,,,,,,,,,,8.783978462219238,10.217456817626953,-9.62104606628418,129.2792205810547,,,
178401,,,,,,,,,,,,,,,,,,,,,,,,,,,,,,0.0,0.0,0.0,0.0,0.0,0.0,,,,,,,,,,,,,,,
178401,,,,,,,,,,,,,,,,,,,,,,,,,-0.5580000281333923,0.17550000548362732,-0.5805000066757202,97084.0,0.0,,,,,,,,,,,,,,,,,,,,,
178401,,,,,,,,,,,,,,,,,,,,,,,,,,,,,,,,,,,,0.0,0.0,0.0,0.0,,,,,,,,,,,
178401,,,,,,,,,,,,,,,,,,,,,,,,,,,,,,,,,,,,,,,,0.0,0.0,0.0,0.0,,,,,,,
179401,,,,,,,,,,,,,,,,,,,9.191577911376953,7.592626094818115,4.480894088745117,17.074905395507812,-0.09285151958465576,0.11728612333536148,,,,,,,,,,,,,,,,,,,,,,,,,,
179401,,,,,,,,,,,,,,,,,,,,,,,,,,,,,,,,,,,,,,,,,,,,11.321340560913086,13.016402244567871,0.47085055708885193,131.66497802734375,,,
179401,,,,,,,,,,,,,,,,,,,,,,,,,,,,,,0.0,0.0,0.0,0.0,0.0,0.0,,,,,,,,,,,,,,,
179401,,,,,,,,,,,,,,,,,,,,,,,,,-0.6060000061988831,-0.13349999487400055,-0.44850000739097595,97084.0,0.0,,,,,,,,,,,,,,,,,,,,,
179401,,,,,,,,,,,,,,,,,,,,,,,,,,,,,,,,,,,,0.0,0.0,0.0,0.0,,,,,,,,,,,
179401,,,,,,,,,,,,,,,,,,,,,,,,,,,,,,,,,,,,,,,,0.0,0.0,0.0,0.0,,,,,,,
180401,,,,,,,,,,,,,,,,,,,9.622432708740234,8.406463623046875,6.453253269195557,17.2825984954834,-0.0073303827084600925,0.11484266817569733,,,,,,,,,,,,,,,,,,,,,,,,,,
180401,,,,,,,,,,,,,,,,,,,,,,,,,,,,,,,,,,,,,,,,,,,,13.895322799682617,19.828041076660156,2.4118010997772217,133.38516235351562,,,
180401,,,,,,,,,,,,,,,,,,,,,,,,,,,,,,0.0,0.0,0.0,0.0,0.0,0.0,,,,,,,,,,,,,,,
180401,,,,,,,,,,,,,,,,,,,,,,,,,0.3720000088214874,0.21299999952316284,-0.2849999964237213,97088.0,0.0,,,,,,,,,,,,,,,,,,,,,
180401,,,,,,,,,,,,,,,,,,,,,,,,,,,,,,,,,,,,0.0,0.0,0.0,0.0,,,,,,,,,,,
180401,,,,,,,,,,,,,,,,,,,,,,,,,,,,,,,,,,,,,,,,0.0,0.0,0.0,0.0,,,,,,,
181401,,,,,,,,,,,,,,,,,,,9.545836448669434,8.406463623046875,4.413872241973877,16.972280502319336,-0.04886921867728233,0.1514945775270462,,,,,,,,,,,,,,,,,,,,,,,,,,
181401,,,,,,,,,,,,,,,,,,,,,,,,,,,,,,,,,,,,,,,,,,,,13.058255195617676,12.93792724609375,0.3609854280948639,130.4122314453125,,,
181401,,,,,,,,,,,,,,,,,,,,,,,,,,,,,,0.0,0.0,0.0,0.0,0.0,0.0,,,,,,,,,,,,,,,
181401,,,,,,,,,,,,,,,,,,,,,,,,,-0.3149999976158142,0.09749999642372131,-0.5370000004768372,97085.0,0.0,,,,,,,,,,,,,,,,,,,,,
181401,,,,,,,,,,,,,,,,,,,,,,,,,,,,,,,,,,,,0.0,0.0,0.0,0.0,,,,,,,,,,,
181401,,,,,,,,,,,,,,,,,,,,,,,,,,,,,,,,,,,,,,,,0.0,0.0,0.0,0.0,,,,,,,
182401,,,,,,,,,,,,,,,,,,,9.411792755126953,7.477731227874756,4.892600059509277,17.106670379638672,-0.1319468915462494,0.1612684279680252,,,,,,,,,,,,,,,,,,,,,,,,,,
182401,,,,,,,,,,,,,,,,,,,,,,,,,,,,,,,,,,,,,,,,,,,,7.894594192504883,7.6591691970825195,-1.5799652338027954,132.01992797851562,,,
182401,,,,,,,,,,,,,,,,,,,,,,,,,,,,,,0.0,0.0,0.0,0.0,0.0,0.0,,,,,,,,,,,,,,,
182401,,,,,,,,,,,,,,,,,,,,,,,,,-0.6225000023841858,0.14550000429153442,-0.5534999966621399,97088.0,0.0,,,,,,,,,,,,,,,,,,,,,
182401,,,,,,,,,,,,,,,,,,,,,,,,,,,,,,,,,,,,0.0,0.0,0.0,0.0,,,,,,,,,,,
182401,,,,,,,,,,,,,,,,,,,,,,,,,,,,,,,,,,,,,,,,0.0,0.0,0.0,0.0,,,,,,,
183401,,,,,,,,,,,,,,,,,,,9.746902465820312,9.622432708740234,3.1787538528442383,17.23373031616211,-0.05864306166768074,0.2174680233001709,,,,,,,,,,,,,,,,,,,,,,,,,,
183401,,,,,,,,,,,,,,,,,,,,,,,,,,,,,,,,,,,,,,,,,,,,12.252577781677246,12.04331111907959,-1.679366946220398,131.79110717773438,,,
183401,,,,,,,,,,,,,,,,,,,,,,,,,,,,,,0.0,0.0,0.0,0.0,0.0,0.0,,,,,,,,,,,,,,,
